emoji,description,aliases,tags,category,unicode_version,ios_version
😀,grinning face,grinning,smile happy,Smileys & Emotion,6.1,6.0
😃,grinning face with big eyes,smiley,happy joy haha,Smileys & Emotion,6.0,6.0
😄,grinning face with smiling eyes,smile,happy joy laugh pleased,Smileys & Emotion,6.0,6.0
😁,beaming face with smiling eyes,grin,,Smileys & Emotion,6.0,6.0
😆,grinning squinting face,laughing satisfied,happy haha,Smileys & Emotion,6.0,6.0
😅,grinning face with sweat,sweat_smile,hot,Smileys & Emotion,6.0,6.0
🤣,rolling on the floor laughing,rofl,lol laughing,Smileys & Emotion,9.0,10.2
😂,face with tears of joy,joy,tears,Smileys & Emotion,6.0,6.0
🙂,slightly smiling face,slightly_smiling_face,,Smileys & Emotion,7.0,9.1
🙃,upside-down face,upside_down_face,,Smileys & Emotion,8.0,9.1
🫠,melting face,melting_face,sarcasm dread,Smileys & Emotion,14.0,15.4
😉,winking face,wink,flirt,Smileys & Emotion,6.0,6.0
😊,smiling face with smiling eyes,blush,proud,Smileys & Emotion,6.0,6.0
😇,smiling face with halo,innocent,angel,Smileys & Emotion,6.0,6.0
🥰,smiling face with hearts,smiling_face_with_three_hearts,love,Smileys & Emotion,11.0,12.1
😍,smiling face with heart-eyes,heart_eyes,love crush,Smileys & Emotion,6.0,6.0
🤩,star-struck,star_struck,eyes,Smileys & Emotion,11.0,12.1
😘,face blowing a kiss,kissing_heart,flirt,Smileys & Emotion,6.0,6.0
😗,kissing face,kissing,,Smileys & Emotion,6.1,6.0
☺️,smiling face,relaxed,blush pleased,Smileys & Emotion,,6.0
😚,kissing face with closed eyes,kissing_closed_eyes,,Smileys & Emotion,6.0,6.0
😙,kissing face with smiling eyes,kissing_smiling_eyes,,Smileys & Emotion,6.1,6.0
🥲,smiling face with tear,smiling_face_with_tear,,Smileys & Emotion,13.0,14.0
😋,face savoring food,yum,tongue lick,Smileys & Emotion,6.0,6.0
😛,face with tongue,stuck_out_tongue,,Smileys & Emotion,6.1,6.0
😜,winking face with tongue,stuck_out_tongue_winking_eye,prank silly,Smileys & Emotion,6.0,6.0
🤪,zany face,zany_face,goofy wacky,Smileys & Emotion,11.0,12.1
😝,squinting face with tongue,stuck_out_tongue_closed_eyes,prank,Smileys & Emotion,6.0,6.0
🤑,money-mouth face,money_mouth_face,rich,Smileys & Emotion,8.0,9.1
🤗,smiling face with open hands,hugs,,Smileys & Emotion,8.0,9.1
🤭,face with hand over mouth,hand_over_mouth,quiet whoops,Smileys & Emotion,11.0,12.1
🫢,face with open eyes and hand over mouth,face_with_open_eyes_and_hand_over_mouth,gasp shock,Smileys & Emotion,14.0,15.4
🫣,face with peeking eye,face_with_peeking_eye,,Smileys & Emotion,14.0,15.4
🤫,shushing face,shushing_face,silence quiet,Smileys & Emotion,11.0,12.1
🤔,thinking face,thinking,,Smileys & Emotion,8.0,9.1
🫡,saluting face,saluting_face,respect,Smileys & Emotion,14.0,15.4
🤐,zipper-mouth face,zipper_mouth_face,silence hush,Smileys & Emotion,8.0,9.1
🤨,face with raised eyebrow,raised_eyebrow,suspicious,Smileys & Emotion,11.0,12.1
😐,neutral face,neutral_face,meh,Smileys & Emotion,6.0,6.0
😑,expressionless face,expressionless,,Smileys & Emotion,6.1,6.0
😶,face without mouth,no_mouth,mute silence,Smileys & Emotion,6.0,6.0
🫥,dotted line face,dotted_line_face,invisible,Smileys & Emotion,14.0,15.4
😶‍🌫️,face in clouds,face_in_clouds,,Smileys & Emotion,13.1,14.0
😏,smirking face,smirk,smug,Smileys & Emotion,6.0,6.0
😒,unamused face,unamused,meh,Smileys & Emotion,6.0,6.0
🙄,face with rolling eyes,roll_eyes,,Smileys & Emotion,8.0,9.1
😬,grimacing face,grimacing,,Smileys & Emotion,6.1,6.0
😮‍💨,face exhaling,face_exhaling,,Smileys & Emotion,13.1,14.0
🤥,lying face,lying_face,liar,Smileys & Emotion,9.0,10.2
🫨,shaking face,shaking_face,shock,Smileys & Emotion,15.0,16.4
😌,relieved face,relieved,whew,Smileys & Emotion,6.0,6.0
😔,pensive face,pensive,,Smileys & Emotion,6.0,6.0
😪,sleepy face,sleepy,tired,Smileys & Emotion,6.0,6.0
🤤,drooling face,drooling_face,,Smileys & Emotion,9.0,10.2
😴,sleeping face,sleeping,zzz,Smileys & Emotion,6.1,6.0
😷,face with medical mask,mask,sick ill,Smileys & Emotion,6.0,6.0
🤒,face with thermometer,face_with_thermometer,sick,Smileys & Emotion,8.0,9.1
🤕,face with head-bandage,face_with_head_bandage,hurt,Smileys & Emotion,8.0,9.1
🤢,nauseated face,nauseated_face,sick barf disgusted,Smileys & Emotion,9.0,10.2
🤮,face vomiting,vomiting_face,barf sick,Smileys & Emotion,11.0,12.1
🤧,sneezing face,sneezing_face,achoo sick,Smileys & Emotion,9.0,10.2
🥵,hot face,hot_face,heat sweating,Smileys & Emotion,11.0,12.1
🥶,cold face,cold_face,freezing ice,Smileys & Emotion,11.0,12.1
🥴,woozy face,woozy_face,groggy,Smileys & Emotion,11.0,12.1
😵,face with crossed-out eyes,dizzy_face,,Smileys & Emotion,6.0,6.0
😵‍💫,face with spiral eyes,face_with_spiral_eyes,,Smileys & Emotion,13.1,14.0
🤯,exploding head,exploding_head,mind blown,Smileys & Emotion,11.0,12.1
🤠,cowboy hat face,cowboy_hat_face,,Smileys & Emotion,9.0,10.2
🥳,partying face,partying_face,celebration birthday,Smileys & Emotion,11.0,12.1
🥸,disguised face,disguised_face,,Smileys & Emotion,13.0,14.0
😎,smiling face with sunglasses,sunglasses,cool,Smileys & Emotion,6.0,6.0
🤓,nerd face,nerd_face,geek glasses,Smileys & Emotion,8.0,9.1
🧐,face with monocle,monocle_face,,Smileys & Emotion,11.0,12.1
😕,confused face,confused,,Smileys & Emotion,6.1,6.0
🫤,face with diagonal mouth,face_with_diagonal_mouth,confused,Smileys & Emotion,14.0,15.4
😟,worried face,worried,nervous,Smileys & Emotion,6.1,6.0
🙁,slightly frowning face,slightly_frowning_face,,Smileys & Emotion,7.0,9.1
☹️,frowning face,frowning_face,,Smileys & Emotion,,9.1
😮,face with open mouth,open_mouth,surprise impressed wow,Smileys & Emotion,6.1,6.0
😯,hushed face,hushed,silence speechless,Smileys & Emotion,6.1,6.0
😲,astonished face,astonished,amazed gasp,Smileys & Emotion,6.0,6.0
😳,flushed face,flushed,,Smileys & Emotion,6.0,6.0
🥺,pleading face,pleading_face,puppy eyes,Smileys & Emotion,11.0,12.1
🥹,face holding back tears,face_holding_back_tears,tears gratitude,Smileys & Emotion,14.0,15.4
😦,frowning face with open mouth,frowning,,Smileys & Emotion,6.1,6.0
😧,anguished face,anguished,stunned,Smileys & Emotion,6.1,6.0
😨,fearful face,fearful,scared shocked oops,Smileys & Emotion,6.0,6.0
😰,anxious face with sweat,cold_sweat,nervous,Smileys & Emotion,6.0,6.0
😥,sad but relieved face,disappointed_relieved,phew sweat nervous,Smileys & Emotion,6.0,6.0
😢,crying face,cry,sad tear,Smileys & Emotion,6.0,6.0
😭,loudly crying face,sob,sad cry bawling,Smileys & Emotion,6.0,6.0
😱,face screaming in fear,scream,horror shocked,Smileys & Emotion,6.0,6.0
😖,confounded face,confounded,,Smileys & Emotion,6.0,6.0
😣,persevering face,persevere,struggling,Smileys & Emotion,6.0,6.0
😞,disappointed face,disappointed,sad,Smileys & Emotion,6.0,6.0
😓,downcast face with sweat,sweat,,Smileys & Emotion,6.0,6.0
😩,weary face,weary,tired,Smileys & Emotion,6.0,6.0
😫,tired face,tired_face,upset whine,Smileys & Emotion,6.0,6.0
🥱,yawning face,yawning_face,,Smileys & Emotion,12.0,13.0
😤,face with steam from nose,triumph,smug,Smileys & Emotion,6.0,6.0
😡,enraged face,rage pout,angry,Smileys & Emotion,6.0,6.0
😠,angry face,angry,mad annoyed,Smileys & Emotion,6.0,6.0
🤬,face with symbols on mouth,cursing_face,foul,Smileys & Emotion,11.0,12.1
😈,smiling face with horns,smiling_imp,devil evil horns,Smileys & Emotion,6.0,6.0
👿,angry face with horns,imp,angry devil evil horns,Smileys & Emotion,6.0,6.0
💀,skull,skull,dead danger poison,Smileys & Emotion,6.0,6.0
☠️,skull and crossbones,skull_and_crossbones,danger pirate,Smileys & Emotion,,9.1
💩,pile of poo,hankey poop shit,crap,Smileys & Emotion,6.0,6.0
🤡,clown face,clown_face,,Smileys & Emotion,9.0,10.2
👹,ogre,japanese_ogre,monster,Smileys & Emotion,6.0,6.0
👺,goblin,japanese_goblin,,Smileys & Emotion,6.0,6.0
👻,ghost,ghost,halloween,Smileys & Emotion,6.0,6.0
👽,alien,alien,ufo,Smileys & Emotion,6.0,6.0
👾,alien monster,space_invader,game retro,Smileys & Emotion,6.0,6.0
🤖,robot,robot,,Smileys & Emotion,8.0,9.1
😺,grinning cat,smiley_cat,,Smileys & Emotion,6.0,6.0
😸,grinning cat with smiling eyes,smile_cat,,Smileys & Emotion,6.0,6.0
😹,cat with tears of joy,joy_cat,,Smileys & Emotion,6.0,6.0
😻,smiling cat with heart-eyes,heart_eyes_cat,,Smileys & Emotion,6.0,6.0
😼,cat with wry smile,smirk_cat,,Smileys & Emotion,6.0,6.0
😽,kissing cat,kissing_cat,,Smileys & Emotion,6.0,6.0
🙀,weary cat,scream_cat,horror,Smileys & Emotion,6.0,6.0
😿,crying cat,crying_cat_face,sad tear,Smileys & Emotion,6.0,6.0
😾,pouting cat,pouting_cat,,Smileys & Emotion,6.0,6.0
🙈,see-no-evil monkey,see_no_evil,monkey blind ignore,Smileys & Emotion,6.0,6.0
🙉,hear-no-evil monkey,hear_no_evil,monkey deaf,Smileys & Emotion,6.0,6.0
🙊,speak-no-evil monkey,speak_no_evil,monkey mute hush,Smileys & Emotion,6.0,6.0
💌,love letter,love_letter,email envelope,Smileys & Emotion,6.0,6.0
💘,heart with arrow,cupid,love heart,Smileys & Emotion,6.0,6.0
💝,heart with ribbon,gift_heart,chocolates,Smileys & Emotion,6.0,6.0
💖,sparkling heart,sparkling_heart,,Smileys & Emotion,6.0,6.0
💗,growing heart,heartpulse,,Smileys & Emotion,6.0,6.0
💓,beating heart,heartbeat,,Smileys & Emotion,6.0,6.0
💞,revolving hearts,revolving_hearts,,Smileys & Emotion,6.0,6.0
💕,two hearts,two_hearts,,Smileys & Emotion,6.0,6.0
💟,heart decoration,heart_decoration,,Smileys & Emotion,6.0,6.0
❣️,heart exclamation,heavy_heart_exclamation,,Smileys & Emotion,,9.1
💔,broken heart,broken_heart,,Smileys & Emotion,6.0,6.0
❤️‍🔥,heart on fire,heart_on_fire,,Smileys & Emotion,13.1,14.0
❤️‍🩹,mending heart,mending_heart,,Smileys & Emotion,13.1,14.0
❤️,red heart,heart,love,Smileys & Emotion,,6.0
🩷,pink heart,pink_heart,,Smileys & Emotion,15.0,16.4
🧡,orange heart,orange_heart,,Smileys & Emotion,11.0,12.1
💛,yellow heart,yellow_heart,,Smileys & Emotion,6.0,6.0
💚,green heart,green_heart,,Smileys & Emotion,6.0,6.0
💙,blue heart,blue_heart,,Smileys & Emotion,6.0,6.0
🩵,light blue heart,light_blue_heart,,Smileys & Emotion,15.0,16.4
💜,purple heart,purple_heart,,Smileys & Emotion,6.0,6.0
🤎,brown heart,brown_heart,,Smileys & Emotion,12.0,13.0
🖤,black heart,black_heart,,Smileys & Emotion,9.0,10.2
🩶,grey heart,grey_heart,,Smileys & Emotion,15.0,16.4
🤍,white heart,white_heart,,Smileys & Emotion,12.0,13.0
💋,kiss mark,kiss,lipstick,Smileys & Emotion,6.0,6.0
💯,hundred points,100,score perfect,Smileys & Emotion,6.0,6.0
💢,anger symbol,anger,angry,Smileys & Emotion,6.0,6.0
💥,collision,boom collision,explode,Smileys & Emotion,6.0,6.0
💫,dizzy,dizzy,star,Smileys & Emotion,6.0,6.0
💦,sweat droplets,sweat_drops,water workout,Smileys & Emotion,6.0,6.0
💨,dashing away,dash,wind blow fast,Smileys & Emotion,6.0,6.0
🕳️,hole,hole,,Smileys & Emotion,7.0,9.1
💬,speech balloon,speech_balloon,comment,Smileys & Emotion,6.0,6.0
👁️‍🗨️,eye in speech bubble,eye_speech_bubble,,Smileys & Emotion,11.0,12.1
🗨️,left speech bubble,left_speech_bubble,,Smileys & Emotion,11.0,12.1
🗯️,right anger bubble,right_anger_bubble,,Smileys & Emotion,7.0,9.1
💭,thought balloon,thought_balloon,thinking,Smileys & Emotion,6.0,6.0
💤,ZZZ,zzz,sleeping,Smileys & Emotion,6.0,6.0
👋,waving hand,wave,goodbye,People & Body,6.0,6.0
🤚,raised back of hand,raised_back_of_hand,,People & Body,9.0,10.2
🖐️,hand with fingers splayed,raised_hand_with_fingers_splayed,,People & Body,7.0,9.1
✋,raised hand,hand raised_hand,highfive stop,People & Body,6.0,6.0
🖖,vulcan salute,vulcan_salute,prosper spock,People & Body,7.0,8.3
🫱,rightwards hand,rightwards_hand,,People & Body,14.0,15.4
🫲,leftwards hand,leftwards_hand,,People & Body,14.0,15.4
🫳,palm down hand,palm_down_hand,,People & Body,14.0,15.4
🫴,palm up hand,palm_up_hand,,People & Body,14.0,15.4
🫷,leftwards pushing hand,leftwards_pushing_hand,,People & Body,15.0,16.4
🫸,rightwards pushing hand,rightwards_pushing_hand,,People & Body,15.0,16.4
👌,OK hand,ok_hand,,People & Body,6.0,6.0
🤌,pinched fingers,pinched_fingers,,People & Body,13.0,14.0
🤏,pinching hand,pinching_hand,,People & Body,12.0,13.0
✌️,victory hand,v,victory peace,People & Body,,6.0
🤞,crossed fingers,crossed_fingers,luck hopeful,People & Body,9.0,10.2
🫰,hand with index finger and thumb crossed,hand_with_index_finger_and_thumb_crossed,,People & Body,14.0,15.4
🤟,love-you gesture,love_you_gesture,,People & Body,11.0,12.1
🤘,sign of the horns,metal,,People & Body,8.0,9.1
🤙,call me hand,call_me_hand,,People & Body,9.0,10.2
👈,backhand index pointing left,point_left,,People & Body,6.0,6.0
👉,backhand index pointing right,point_right,,People & Body,6.0,6.0
👆,backhand index pointing up,point_up_2,,People & Body,6.0,6.0
🖕,middle finger,middle_finger fu,,People & Body,7.0,9.1
👇,backhand index pointing down,point_down,,People & Body,6.0,6.0
☝️,index pointing up,point_up,,People & Body,,6.0
🫵,index pointing at the viewer,index_pointing_at_the_viewer,,People & Body,14.0,15.4
👍,thumbs up,+1 thumbsup,approve ok,People & Body,6.0,6.0
👎,thumbs down,-1 thumbsdown,disapprove bury,People & Body,6.0,6.0
✊,raised fist,fist_raised fist,power,People & Body,6.0,6.0
👊,oncoming fist,fist_oncoming facepunch punch,attack,People & Body,6.0,6.0
🤛,left-facing fist,fist_left,,People & Body,9.0,10.2
🤜,right-facing fist,fist_right,,People & Body,9.0,10.2
👏,clapping hands,clap,praise applause,People & Body,6.0,6.0
🙌,raising hands,raised_hands,hooray,People & Body,6.0,6.0
🫶,heart hands,heart_hands,love,People & Body,14.0,15.4
👐,open hands,open_hands,,People & Body,6.0,6.0
🤲,palms up together,palms_up_together,,People & Body,11.0,12.1
🤝,handshake,handshake,deal,People & Body,9.0,10.2
🙏,folded hands,pray,please hope wish,People & Body,6.0,6.0
✍️,writing hand,writing_hand,,People & Body,,9.1
💅,nail polish,nail_care,beauty manicure,People & Body,6.0,6.0
🤳,selfie,selfie,,People & Body,9.0,10.2
💪,flexed biceps,muscle,flex bicep strong workout,People & Body,6.0,6.0
🦾,mechanical arm,mechanical_arm,,People & Body,12.0,13.0
🦿,mechanical leg,mechanical_leg,,People & Body,12.0,13.0
🦵,leg,leg,,People & Body,11.0,12.1
🦶,foot,foot,,People & Body,11.0,12.1
👂,ear,ear,hear sound listen,People & Body,6.0,6.0
🦻,ear with hearing aid,ear_with_hearing_aid,,People & Body,12.0,13.0
👃,nose,nose,smell,People & Body,6.0,6.0
🧠,brain,brain,,People & Body,11.0,12.1
🫀,anatomical heart,anatomical_heart,,People & Body,13.0,14.0
🫁,lungs,lungs,,People & Body,13.0,14.0
🦷,tooth,tooth,,People & Body,11.0,12.1
🦴,bone,bone,,People & Body,11.0,12.1
👀,eyes,eyes,look see watch,People & Body,6.0,6.0
👁️,eye,eye,,People & Body,7.0,9.1
👅,tongue,tongue,taste,People & Body,6.0,6.0
👄,mouth,lips,kiss,People & Body,6.0,6.0
🫦,biting lip,biting_lip,,People & Body,14.0,15.4
👶,baby,baby,child newborn,People & Body,6.0,6.0
🧒,child,child,,People & Body,11.0,12.1
👦,boy,boy,child,People & Body,6.0,6.0
👧,girl,girl,child,People & Body,6.0,6.0
🧑,person,adult,,People & Body,11.0,12.1
👱,person: blond hair,blond_haired_person,,People & Body,6.0,6.0
👨,man,man,mustache father dad,People & Body,6.0,6.0
🧔,person: beard,bearded_person,,People & Body,11.0,12.1
🧔‍♂️,man: beard,man_beard,,People & Body,13.1,14.0
🧔‍♀️,woman: beard,woman_beard,,People & Body,13.1,14.0
👨‍🦰,man: red hair,red_haired_man,,People & Body,11.0,12.1
👨‍🦱,man: curly hair,curly_haired_man,,People & Body,11.0,12.1
👨‍🦳,man: white hair,white_haired_man,,People & Body,11.0,12.1
👨‍🦲,man: bald,bald_man,,People & Body,11.0,12.1
👩,woman,woman,girls,People & Body,6.0,6.0
👩‍🦰,woman: red hair,red_haired_woman,,People & Body,11.0,12.1
🧑‍🦰,person: red hair,person_red_hair,,People & Body,12.1,13.2
👩‍🦱,woman: curly hair,curly_haired_woman,,People & Body,11.0,12.1
🧑‍🦱,person: curly hair,person_curly_hair,,People & Body,12.1,13.2
👩‍🦳,woman: white hair,white_haired_woman,,People & Body,11.0,12.1
🧑‍🦳,person: white hair,person_white_hair,,People & Body,12.1,13.2
👩‍🦲,woman: bald,bald_woman,,People & Body,11.0,12.1
🧑‍🦲,person: bald,person_bald,,People & Body,12.1,13.2
👱‍♀️,woman: blond hair,blond_haired_woman blonde_woman,,People & Body,6.0,10.0
👱‍♂️,man: blond hair,blond_haired_man,,People & Body,11.0,12.1
🧓,older person,older_adult,,People & Body,11.0,12.1
👴,old man,older_man,,People & Body,6.0,6.0
👵,old woman,older_woman,,People & Body,6.0,6.0
🙍,person frowning,frowning_person,,People & Body,6.0,6.0
🙍‍♂️,man frowning,frowning_man,,People & Body,6.0,10.0
🙍‍♀️,woman frowning,frowning_woman,,People & Body,11.0,12.1
🙎,person pouting,pouting_face,,People & Body,6.0,6.0
🙎‍♂️,man pouting,pouting_man,,People & Body,6.0,10.0
🙎‍♀️,woman pouting,pouting_woman,,People & Body,11.0,12.1
🙅,person gesturing NO,no_good,stop halt denied,People & Body,6.0,6.0
🙅‍♂️,man gesturing NO,no_good_man ng_man,stop halt denied,People & Body,6.0,10.0
🙅‍♀️,woman gesturing NO,no_good_woman ng_woman,stop halt denied,People & Body,11.0,12.1
🙆,person gesturing OK,ok_person,,People & Body,6.0,6.0
🙆‍♂️,man gesturing OK,ok_man,,People & Body,6.0,10.0
🙆‍♀️,woman gesturing OK,ok_woman,,People & Body,11.0,12.1
💁,person tipping hand,tipping_hand_person information_desk_person,,People & Body,6.0,6.0
💁‍♂️,man tipping hand,tipping_hand_man sassy_man,information,People & Body,6.0,10.0
💁‍♀️,woman tipping hand,tipping_hand_woman sassy_woman,information,People & Body,11.0,12.1
🙋,person raising hand,raising_hand,,People & Body,6.0,6.0
🙋‍♂️,man raising hand,raising_hand_man,,People & Body,6.0,10.0
🙋‍♀️,woman raising hand,raising_hand_woman,,People & Body,11.0,12.1
🧏,deaf person,deaf_person,,People & Body,12.0,13.0
🧏‍♂️,deaf man,deaf_man,,People & Body,12.0,13.0
🧏‍♀️,deaf woman,deaf_woman,,People & Body,12.0,13.0
🙇,person bowing,bow,respect thanks,People & Body,6.0,6.0
🙇‍♂️,man bowing,bowing_man,respect thanks,People & Body,11.0,12.1
🙇‍♀️,woman bowing,bowing_woman,respect thanks,People & Body,6.0,10.0
🤦,person facepalming,facepalm,,People & Body,11.0,12.1
🤦‍♂️,man facepalming,man_facepalming,,People & Body,9.0,10.2
🤦‍♀️,woman facepalming,woman_facepalming,,People & Body,9.0,10.2
🤷,person shrugging,shrug,,People & Body,11.0,12.1
🤷‍♂️,man shrugging,man_shrugging,,People & Body,9.0,10.2
🤷‍♀️,woman shrugging,woman_shrugging,,People & Body,9.0,10.2
🧑‍⚕️,health worker,health_worker,,People & Body,12.1,13.2
👨‍⚕️,man health worker,man_health_worker,doctor nurse,People & Body,,10.2
👩‍⚕️,woman health worker,woman_health_worker,doctor nurse,People & Body,,10.2
🧑‍🎓,student,student,,People & Body,12.1,13.2
👨‍🎓,man student,man_student,graduation,People & Body,,10.2
👩‍🎓,woman student,woman_student,graduation,People & Body,,10.2
🧑‍🏫,teacher,teacher,,People & Body,12.1,13.2
👨‍🏫,man teacher,man_teacher,school professor,People & Body,,10.2
👩‍🏫,woman teacher,woman_teacher,school professor,People & Body,,10.2
🧑‍⚖️,judge,judge,,People & Body,12.1,13.2
👨‍⚖️,man judge,man_judge,justice,People & Body,,10.2
👩‍⚖️,woman judge,woman_judge,justice,People & Body,,10.2
🧑‍🌾,farmer,farmer,,People & Body,12.1,13.2
👨‍🌾,man farmer,man_farmer,,People & Body,,10.2
👩‍🌾,woman farmer,woman_farmer,,People & Body,,10.2
🧑‍🍳,cook,cook,,People & Body,12.1,13.2
👨‍🍳,man cook,man_cook,chef,People & Body,,10.2
👩‍🍳,woman cook,woman_cook,chef,People & Body,,10.2
🧑‍🔧,mechanic,mechanic,,People & Body,12.1,13.2
👨‍🔧,man mechanic,man_mechanic,,People & Body,,10.2
👩‍🔧,woman mechanic,woman_mechanic,,People & Body,,10.2
🧑‍🏭,factory worker,factory_worker,,People & Body,12.1,13.2
👨‍🏭,man factory worker,man_factory_worker,,People & Body,,10.2
👩‍🏭,woman factory worker,woman_factory_worker,,People & Body,,10.2
🧑‍💼,office worker,office_worker,,People & Body,12.1,13.2
👨‍💼,man office worker,man_office_worker,business,People & Body,,10.2
👩‍💼,woman office worker,woman_office_worker,business,People & Body,,10.2
🧑‍🔬,scientist,scientist,,People & Body,12.1,13.2
👨‍🔬,man scientist,man_scientist,research,People & Body,,10.2
👩‍🔬,woman scientist,woman_scientist,research,People & Body,,10.2
🧑‍💻,technologist,technologist,,People & Body,12.1,13.2
👨‍💻,man technologist,man_technologist,coder,People & Body,,10.2
👩‍💻,woman technologist,woman_technologist,coder,People & Body,,10.2
🧑‍🎤,singer,singer,,People & Body,12.1,13.2
👨‍🎤,man singer,man_singer,rockstar,People & Body,,10.2
👩‍🎤,woman singer,woman_singer,rockstar,People & Body,,10.2
🧑‍🎨,artist,artist,,People & Body,12.1,13.2
👨‍🎨,man artist,man_artist,painter,People & Body,,10.2
👩‍🎨,woman artist,woman_artist,painter,People & Body,,10.2
🧑‍✈️,pilot,pilot,,People & Body,12.1,13.2
👨‍✈️,man pilot,man_pilot,,People & Body,,10.2
👩‍✈️,woman pilot,woman_pilot,,People & Body,,10.2
🧑‍🚀,astronaut,astronaut,,People & Body,12.1,13.2
👨‍🚀,man astronaut,man_astronaut,space,People & Body,,10.2
👩‍🚀,woman astronaut,woman_astronaut,space,People & Body,,10.2
🧑‍🚒,firefighter,firefighter,,People & Body,12.1,13.2
👨‍🚒,man firefighter,man_firefighter,,People & Body,,10.2
👩‍🚒,woman firefighter,woman_firefighter,,People & Body,,10.2
👮,police officer,police_officer cop,law,People & Body,6.0,6.0
👮‍♂️,man police officer,policeman,law cop,People & Body,11.0,12.1
👮‍♀️,woman police officer,policewoman,law cop,People & Body,6.0,10.0
🕵️,detective,detective,sleuth,People & Body,7.0,9.1
🕵️‍♂️,man detective,male_detective,sleuth,People & Body,11.0,12.1
🕵️‍♀️,woman detective,female_detective,sleuth,People & Body,6.0,10.0
💂,guard,guard,,People & Body,6.0,6.0
💂‍♂️,man guard,guardsman,,People & Body,11.0,12.1
💂‍♀️,woman guard,guardswoman,,People & Body,6.0,10.0
🥷,ninja,ninja,,People & Body,13.0,14.0
👷,construction worker,construction_worker,helmet,People & Body,6.0,6.0
👷‍♂️,man construction worker,construction_worker_man,helmet,People & Body,11.0,12.1
👷‍♀️,woman construction worker,construction_worker_woman,helmet,People & Body,6.0,10.0
🫅,person with crown,person_with_crown,,People & Body,14.0,15.4
🤴,prince,prince,crown royal,People & Body,9.0,10.2
👸,princess,princess,crown royal,People & Body,6.0,6.0
👳,person wearing turban,person_with_turban,,People & Body,6.0,6.0
👳‍♂️,man wearing turban,man_with_turban,,People & Body,11.0,12.1
👳‍♀️,woman wearing turban,woman_with_turban,,People & Body,6.0,10.0
👲,person with skullcap,man_with_gua_pi_mao,,People & Body,6.0,6.0
🧕,woman with headscarf,woman_with_headscarf,hijab,People & Body,11.0,12.1
🤵,person in tuxedo,person_in_tuxedo,groom marriage wedding,People & Body,9.0,10.2
🤵‍♂️,man in tuxedo,man_in_tuxedo,,People & Body,13.0,14.0
🤵‍♀️,woman in tuxedo,woman_in_tuxedo,,People & Body,13.0,14.0
👰,person with veil,person_with_veil,marriage wedding,People & Body,6.0,6.0
👰‍♂️,man with veil,man_with_veil,,People & Body,13.0,14.0
👰‍♀️,woman with veil,woman_with_veil bride_with_veil,,People & Body,13.0,14.0
🤰,pregnant woman,pregnant_woman,,People & Body,9.0,10.2
🫃,pregnant man,pregnant_man,,People & Body,14.0,15.4
🫄,pregnant person,pregnant_person,,People & Body,14.0,15.4
🤱,breast-feeding,breast_feeding,nursing,People & Body,11.0,12.1
👩‍🍼,woman feeding baby,woman_feeding_baby,,People & Body,13.0,14.0
👨‍🍼,man feeding baby,man_feeding_baby,,People & Body,13.0,14.0
🧑‍🍼,person feeding baby,person_feeding_baby,,People & Body,13.0,14.0
👼,baby angel,angel,,People & Body,6.0,6.0
🎅,Santa Claus,santa,christmas,People & Body,6.0,6.0
🤶,Mrs. Claus,mrs_claus,santa,People & Body,9.0,10.2
🧑‍🎄,mx claus,mx_claus,,People & Body,13.0,14.0
🦸,superhero,superhero,,People & Body,11.0,12.1
🦸‍♂️,man superhero,superhero_man,,People & Body,11.0,12.1
🦸‍♀️,woman superhero,superhero_woman,,People & Body,11.0,12.1
🦹,supervillain,supervillain,,People & Body,11.0,12.1
🦹‍♂️,man supervillain,supervillain_man,,People & Body,11.0,12.1
🦹‍♀️,woman supervillain,supervillain_woman,,People & Body,11.0,12.1
🧙,mage,mage,wizard,People & Body,11.0,12.1
🧙‍♂️,man mage,mage_man,wizard,People & Body,11.0,12.1
🧙‍♀️,woman mage,mage_woman,wizard,People & Body,11.0,12.1
🧚,fairy,fairy,,People & Body,11.0,12.1
🧚‍♂️,man fairy,fairy_man,,People & Body,11.0,12.1
🧚‍♀️,woman fairy,fairy_woman,,People & Body,11.0,12.1
🧛,vampire,vampire,,People & Body,11.0,12.1
🧛‍♂️,man vampire,vampire_man,,People & Body,11.0,12.1
🧛‍♀️,woman vampire,vampire_woman,,People & Body,11.0,12.1
🧜,merperson,merperson,,People & Body,11.0,12.1
🧜‍♂️,merman,merman,,People & Body,11.0,12.1
🧜‍♀️,mermaid,mermaid,,People & Body,11.0,12.1
🧝,elf,elf,,People & Body,11.0,12.1
🧝‍♂️,man elf,elf_man,,People & Body,11.0,12.1
🧝‍♀️,woman elf,elf_woman,,People & Body,11.0,12.1
🧞,genie,genie,,People & Body,11.0,12.1
🧞‍♂️,man genie,genie_man,,People & Body,11.0,12.1
🧞‍♀️,woman genie,genie_woman,,People & Body,11.0,12.1
🧟,zombie,zombie,,People & Body,11.0,12.1
🧟‍♂️,man zombie,zombie_man,,People & Body,11.0,12.1
🧟‍♀️,woman zombie,zombie_woman,,People & Body,11.0,12.1
🧌,troll,troll,,People & Body,14.0,15.4
💆,person getting massage,massage,spa,People & Body,6.0,6.0
💆‍♂️,man getting massage,massage_man,spa,People & Body,6.0,10.0
💆‍♀️,woman getting massage,massage_woman,spa,People & Body,11.0,12.1
💇,person getting haircut,haircut,beauty,People & Body,6.0,6.0
💇‍♂️,man getting haircut,haircut_man,,People & Body,6.0,10.0
💇‍♀️,woman getting haircut,haircut_woman,,People & Body,11.0,12.1
🚶,person walking,walking,,People & Body,6.0,6.0
🚶‍♂️,man walking,walking_man,,People & Body,11.0,12.1
🚶‍♀️,woman walking,walking_woman,,People & Body,6.0,10.0
🧍,person standing,standing_person,,People & Body,12.0,13.0
🧍‍♂️,man standing,standing_man,,People & Body,12.0,13.0
🧍‍♀️,woman standing,standing_woman,,People & Body,12.0,13.0
🧎,person kneeling,kneeling_person,,People & Body,12.0,13.0
🧎‍♂️,man kneeling,kneeling_man,,People & Body,12.0,13.0
🧎‍♀️,woman kneeling,kneeling_woman,,People & Body,12.0,13.0
🧑‍🦯,person with white cane,person_with_probing_cane,,People & Body,12.1,13.2
👨‍🦯,man with white cane,man_with_probing_cane,,People & Body,12.0,13.0
👩‍🦯,woman with white cane,woman_with_probing_cane,,People & Body,12.0,13.0
🧑‍🦼,person in motorized wheelchair,person_in_motorized_wheelchair,,People & Body,12.1,13.2
👨‍🦼,man in motorized wheelchair,man_in_motorized_wheelchair,,People & Body,12.0,13.0
👩‍🦼,woman in motorized wheelchair,woman_in_motorized_wheelchair,,People & Body,12.0,13.0
🧑‍🦽,person in manual wheelchair,person_in_manual_wheelchair,,People & Body,12.1,13.2
👨‍🦽,man in manual wheelchair,man_in_manual_wheelchair,,People & Body,12.0,13.0
👩‍🦽,woman in manual wheelchair,woman_in_manual_wheelchair,,People & Body,12.0,13.0
🏃,person running,runner running,exercise workout marathon,People & Body,6.0,6.0
🏃‍♂️,man running,running_man,exercise workout marathon,People & Body,11.0,12.1
🏃‍♀️,woman running,running_woman,exercise workout marathon,People & Body,6.0,10.0
💃,woman dancing,woman_dancing dancer,dress,People & Body,6.0,6.0
🕺,man dancing,man_dancing,dancer,People & Body,9.0,10.2
🕴️,person in suit levitating,business_suit_levitating,,People & Body,7.0,9.1
👯,people with bunny ears,dancers,bunny,People & Body,6.0,6.0
👯‍♂️,men with bunny ears,dancing_men,bunny,People & Body,6.0,10.0
👯‍♀️,women with bunny ears,dancing_women,bunny,People & Body,11.0,12.1
🧖,person in steamy room,sauna_person,steamy,People & Body,11.0,12.1
🧖‍♂️,man in steamy room,sauna_man,steamy,People & Body,11.0,12.1
🧖‍♀️,woman in steamy room,sauna_woman,steamy,People & Body,11.0,12.1
🧗,person climbing,climbing,bouldering,People & Body,11.0,12.1
🧗‍♂️,man climbing,climbing_man,bouldering,People & Body,11.0,12.1
🧗‍♀️,woman climbing,climbing_woman,bouldering,People & Body,11.0,12.1
🤺,person fencing,person_fencing,,People & Body,9.0,10.2
🏇,horse racing,horse_racing,,People & Body,6.0,6.0
⛷️,skier,skier,,People & Body,5.2,9.1
🏂,snowboarder,snowboarder,,People & Body,6.0,6.0
🏌️,person golfing,golfing,,People & Body,7.0,9.1
🏌️‍♂️,man golfing,golfing_man,,People & Body,11.0,12.1
🏌️‍♀️,woman golfing,golfing_woman,,People & Body,,10.0
🏄,person surfing,surfer,,People & Body,6.0,6.0
🏄‍♂️,man surfing,surfing_man,,People & Body,11.0,12.1
🏄‍♀️,woman surfing,surfing_woman,,People & Body,7.0,10.0
🚣,person rowing boat,rowboat,,People & Body,6.0,6.0
🚣‍♂️,man rowing boat,rowing_man,,People & Body,11.0,12.1
🚣‍♀️,woman rowing boat,rowing_woman,,People & Body,6.0,10.0
🏊,person swimming,swimmer,,People & Body,6.0,6.0
🏊‍♂️,man swimming,swimming_man,,People & Body,11.0,12.1
🏊‍♀️,woman swimming,swimming_woman,,People & Body,6.0,10.0
⛹️,person bouncing ball,bouncing_ball_person,basketball,People & Body,5.2,9.1
⛹️‍♂️,man bouncing ball,bouncing_ball_man basketball_man,,People & Body,11.0,12.1
⛹️‍♀️,woman bouncing ball,bouncing_ball_woman basketball_woman,,People & Body,7.0,10.0
🏋️,person lifting weights,weight_lifting,gym workout,People & Body,7.0,9.1
🏋️‍♂️,man lifting weights,weight_lifting_man,gym workout,People & Body,11.0,12.1
🏋️‍♀️,woman lifting weights,weight_lifting_woman,gym workout,People & Body,6.0,10.0
🚴,person biking,bicyclist,,People & Body,6.0,6.0
🚴‍♂️,man biking,biking_man,,People & Body,11.0,12.1
🚴‍♀️,woman biking,biking_woman,,People & Body,6.0,10.0
🚵,person mountain biking,mountain_bicyclist,,People & Body,6.0,6.0
🚵‍♂️,man mountain biking,mountain_biking_man,,People & Body,11.0,12.1
🚵‍♀️,woman mountain biking,mountain_biking_woman,,People & Body,6.0,10.0
🤸,person cartwheeling,cartwheeling,,People & Body,11.0,12.1
🤸‍♂️,man cartwheeling,man_cartwheeling,,People & Body,,10.2
🤸‍♀️,woman cartwheeling,woman_cartwheeling,,People & Body,,10.2
🤼,people wrestling,wrestling,,People & Body,11.0,12.1
🤼‍♂️,men wrestling,men_wrestling,,People & Body,9.0,10.2
🤼‍♀️,women wrestling,women_wrestling,,People & Body,9.0,10.2
🤽,person playing water polo,water_polo,,People & Body,11.0,12.1
🤽‍♂️,man playing water polo,man_playing_water_polo,,People & Body,9.0,10.2
🤽‍♀️,woman playing water polo,woman_playing_water_polo,,People & Body,9.0,10.2
🤾,person playing handball,handball_person,,People & Body,11.0,12.1
🤾‍♂️,man playing handball,man_playing_handball,,People & Body,9.0,10.2
🤾‍♀️,woman playing handball,woman_playing_handball,,People & Body,9.0,10.2
🤹,person juggling,juggling_person,,People & Body,11.0,12.1
🤹‍♂️,man juggling,man_juggling,,People & Body,9.0,10.2
🤹‍♀️,woman juggling,woman_juggling,,People & Body,9.0,10.2
🧘,person in lotus position,lotus_position,meditation,People & Body,11.0,12.1
🧘‍♂️,man in lotus position,lotus_position_man,meditation,People & Body,11.0,12.1
🧘‍♀️,woman in lotus position,lotus_position_woman,meditation,People & Body,11.0,12.1
🛀,person taking bath,bath,shower,People & Body,6.0,6.0
🛌,person in bed,sleeping_bed,,People & Body,7.0,9.1
🧑‍🤝‍🧑,people holding hands,people_holding_hands,couple date,People & Body,12.0,13.0
👭,women holding hands,two_women_holding_hands,couple date,People & Body,6.0,6.0
👫,woman and man holding hands,couple,date,People & Body,6.0,6.0
👬,men holding hands,two_men_holding_hands,couple date,People & Body,6.0,6.0
💏,kiss,couplekiss,,People & Body,6.0,6.0
👩‍❤️‍💋‍👨,"kiss: woman, man",couplekiss_man_woman,,People & Body,11.0,12.1
👨‍❤️‍💋‍👨,"kiss: man, man",couplekiss_man_man,,People & Body,6.0,8.3
👩‍❤️‍💋‍👩,"kiss: woman, woman",couplekiss_woman_woman,,People & Body,6.0,8.3
💑,couple with heart,couple_with_heart,,People & Body,6.0,6.0
👩‍❤️‍👨,"couple with heart: woman, man",couple_with_heart_woman_man,,People & Body,11.0,12.1
👨‍❤️‍👨,"couple with heart: man, man",couple_with_heart_man_man,,People & Body,6.0,8.3
👩‍❤️‍👩,"couple with heart: woman, woman",couple_with_heart_woman_woman,,People & Body,6.0,8.3
👪,family,family,home parents child,People & Body,6.0,6.0
👨‍👩‍👦,"family: man, woman, boy",family_man_woman_boy,,People & Body,11.0,12.1
👨‍👩‍👧,"family: man, woman, girl",family_man_woman_girl,,People & Body,6.0,8.3
👨‍👩‍👧‍👦,"family: man, woman, girl, boy",family_man_woman_girl_boy,,People & Body,6.0,8.3
👨‍👩‍👦‍👦,"family: man, woman, boy, boy",family_man_woman_boy_boy,,People & Body,6.0,8.3
👨‍👩‍👧‍👧,"family: man, woman, girl, girl",family_man_woman_girl_girl,,People & Body,6.0,8.3
👨‍👨‍👦,"family: man, man, boy",family_man_man_boy,,People & Body,6.0,8.3
👨‍👨‍👧,"family: man, man, girl",family_man_man_girl,,People & Body,6.0,8.3
👨‍👨‍👧‍👦,"family: man, man, girl, boy",family_man_man_girl_boy,,People & Body,6.0,8.3
👨‍👨‍👦‍👦,"family: man, man, boy, boy",family_man_man_boy_boy,,People & Body,6.0,8.3
👨‍👨‍👧‍👧,"family: man, man, girl, girl",family_man_man_girl_girl,,People & Body,6.0,8.3
👩‍👩‍👦,"family: woman, woman, boy",family_woman_woman_boy,,People & Body,6.0,8.3
👩‍👩‍👧,"family: woman, woman, girl",family_woman_woman_girl,,People & Body,6.0,8.3
👩‍👩‍👧‍👦,"family: woman, woman, girl, boy",family_woman_woman_girl_boy,,People & Body,6.0,8.3
👩‍👩‍👦‍👦,"family: woman, woman, boy, boy",family_woman_woman_boy_boy,,People & Body,6.0,8.3
👩‍👩‍👧‍👧,"family: woman, woman, girl, girl",family_woman_woman_girl_girl,,People & Body,6.0,8.3
👨‍👦,"family: man, boy",family_man_boy,,People & Body,6.0,10.0
👨‍👦‍👦,"family: man, boy, boy",family_man_boy_boy,,People & Body,6.0,10.0
👨‍👧,"family: man, girl",family_man_girl,,People & Body,6.0,10.0
👨‍👧‍👦,"family: man, girl, boy",family_man_girl_boy,,People & Body,6.0,10.0
👨‍👧‍👧,"family: man, girl, girl",family_man_girl_girl,,People & Body,6.0,10.0
👩‍👦,"family: woman, boy",family_woman_boy,,People & Body,6.0,10.0
👩‍👦‍👦,"family: woman, boy, boy",family_woman_boy_boy,,People & Body,6.0,10.0
👩‍👧,"family: woman, girl",family_woman_girl,,People & Body,6.0,10.0
👩‍👧‍👦,"family: woman, girl, boy",family_woman_girl_boy,,People & Body,6.0,10.0
👩‍👧‍👧,"family: woman, girl, girl",family_woman_girl_girl,,People & Body,6.0,10.0
🗣️,speaking head,speaking_head,,People & Body,7.0,9.1
👤,bust in silhouette,bust_in_silhouette,user,People & Body,6.0,6.0
👥,busts in silhouette,busts_in_silhouette,users group team,People & Body,6.0,6.0
🫂,people hugging,people_hugging,,People & Body,13.0,14.0
👣,footprints,footprints,feet tracks,People & Body,6.0,6.0
🐵,monkey face,monkey_face,,Animals & Nature,6.0,6.0
🐒,monkey,monkey,,Animals & Nature,6.0,6.0
🦍,gorilla,gorilla,,Animals & Nature,9.0,10.2
🦧,orangutan,orangutan,,Animals & Nature,12.0,13.0
🐶,dog face,dog,pet,Animals & Nature,6.0,6.0
🐕,dog,dog2,,Animals & Nature,6.0,6.0
🦮,guide dog,guide_dog,,Animals & Nature,12.0,13.0
🐕‍🦺,service dog,service_dog,,Animals & Nature,12.0,13.0
🐩,poodle,poodle,dog,Animals & Nature,6.0,6.0
🐺,wolf,wolf,,Animals & Nature,6.0,6.0
🦊,fox,fox_face,,Animals & Nature,9.0,10.2
🦝,raccoon,raccoon,,Animals & Nature,11.0,12.1
🐱,cat face,cat,pet,Animals & Nature,6.0,6.0
🐈,cat,cat2,,Animals & Nature,6.0,6.0
🐈‍⬛,black cat,black_cat,,Animals & Nature,13.0,14.0
🦁,lion,lion,,Animals & Nature,8.0,9.1
🐯,tiger face,tiger,,Animals & Nature,6.0,6.0
🐅,tiger,tiger2,,Animals & Nature,6.0,6.0
🐆,leopard,leopard,,Animals & Nature,6.0,6.0
🐴,horse face,horse,,Animals & Nature,6.0,6.0
🫎,moose,moose,canada,Animals & Nature,15.0,16.4
🫏,donkey,donkey,mule,Animals & Nature,15.0,16.4
🐎,horse,racehorse,speed,Animals & Nature,6.0,6.0
🦄,unicorn,unicorn,,Animals & Nature,8.0,9.1
🦓,zebra,zebra,,Animals & Nature,11.0,12.1
🦌,deer,deer,,Animals & Nature,9.0,10.2
🦬,bison,bison,,Animals & Nature,13.0,14.0
🐮,cow face,cow,,Animals & Nature,6.0,6.0
🐂,ox,ox,,Animals & Nature,6.0,6.0
🐃,water buffalo,water_buffalo,,Animals & Nature,6.0,6.0
🐄,cow,cow2,,Animals & Nature,6.0,6.0
🐷,pig face,pig,,Animals & Nature,6.0,6.0
🐖,pig,pig2,,Animals & Nature,6.0,6.0
🐗,boar,boar,,Animals & Nature,6.0,6.0
🐽,pig nose,pig_nose,,Animals & Nature,6.0,6.0
🐏,ram,ram,,Animals & Nature,6.0,6.0
🐑,ewe,sheep,,Animals & Nature,6.0,6.0
🐐,goat,goat,,Animals & Nature,6.0,6.0
🐪,camel,dromedary_camel,desert,Animals & Nature,6.0,6.0
🐫,two-hump camel,camel,,Animals & Nature,6.0,6.0
🦙,llama,llama,,Animals & Nature,11.0,12.1
🦒,giraffe,giraffe,,Animals & Nature,11.0,12.1
🐘,elephant,elephant,,Animals & Nature,6.0,6.0
🦣,mammoth,mammoth,,Animals & Nature,13.0,14.0
🦏,rhinoceros,rhinoceros,,Animals & Nature,9.0,10.2
🦛,hippopotamus,hippopotamus,,Animals & Nature,11.0,12.1
🐭,mouse face,mouse,,Animals & Nature,6.0,6.0
🐁,mouse,mouse2,,Animals & Nature,6.0,6.0
🐀,rat,rat,,Animals & Nature,6.0,6.0
🐹,hamster,hamster,pet,Animals & Nature,6.0,6.0
🐰,rabbit face,rabbit,bunny,Animals & Nature,6.0,6.0
🐇,rabbit,rabbit2,,Animals & Nature,6.0,6.0
🐿️,chipmunk,chipmunk,,Animals & Nature,7.0,9.1
🦫,beaver,beaver,,Animals & Nature,13.0,14.0
🦔,hedgehog,hedgehog,,Animals & Nature,11.0,12.1
🦇,bat,bat,,Animals & Nature,9.0,10.2
🐻,bear,bear,,Animals & Nature,6.0,6.0
🐻‍❄️,polar bear,polar_bear,,Animals & Nature,13.0,14.0
🐨,koala,koala,,Animals & Nature,6.0,6.0
🐼,panda,panda_face,,Animals & Nature,6.0,6.0
🦥,sloth,sloth,,Animals & Nature,12.0,13.0
🦦,otter,otter,,Animals & Nature,12.0,13.0
🦨,skunk,skunk,,Animals & Nature,12.0,13.0
🦘,kangaroo,kangaroo,,Animals & Nature,11.0,12.1
🦡,badger,badger,,Animals & Nature,11.0,12.1
🐾,paw prints,feet paw_prints,,Animals & Nature,6.0,6.0
🦃,turkey,turkey,thanksgiving,Animals & Nature,8.0,9.1
🐔,chicken,chicken,,Animals & Nature,6.0,6.0
🐓,rooster,rooster,,Animals & Nature,6.0,6.0
🐣,hatching chick,hatching_chick,,Animals & Nature,6.0,6.0
🐤,baby chick,baby_chick,,Animals & Nature,6.0,6.0
🐥,front-facing baby chick,hatched_chick,,Animals & Nature,6.0,6.0
🐦,bird,bird,,Animals & Nature,6.0,6.0
🐧,penguin,penguin,,Animals & Nature,6.0,6.0
🕊️,dove,dove,peace,Animals & Nature,7.0,9.1
🦅,eagle,eagle,,Animals & Nature,9.0,10.2
🦆,duck,duck,,Animals & Nature,9.0,10.2
🦢,swan,swan,,Animals & Nature,11.0,12.1
🦉,owl,owl,,Animals & Nature,9.0,10.2
🦤,dodo,dodo,,Animals & Nature,13.0,14.0
🪶,feather,feather,,Animals & Nature,13.0,14.0
🦩,flamingo,flamingo,,Animals & Nature,12.0,13.0
🦚,peacock,peacock,,Animals & Nature,11.0,12.1
🦜,parrot,parrot,,Animals & Nature,11.0,12.1
🪽,wing,wing,fly,Animals & Nature,15.0,16.4
🐦‍⬛,black bird,black_bird,,Animals & Nature,15.0,16.4
🪿,goose,goose,honk,Animals & Nature,15.0,16.4
🐸,frog,frog,,Animals & Nature,6.0,6.0
🐊,crocodile,crocodile,,Animals & Nature,6.0,6.0
🐢,turtle,turtle,slow,Animals & Nature,6.0,6.0
🦎,lizard,lizard,,Animals & Nature,9.0,10.2
🐍,snake,snake,,Animals & Nature,6.0,6.0
🐲,dragon face,dragon_face,,Animals & Nature,6.0,6.0
🐉,dragon,dragon,,Animals & Nature,6.0,6.0
🦕,sauropod,sauropod,dinosaur,Animals & Nature,11.0,12.1
🦖,T-Rex,t-rex,dinosaur,Animals & Nature,11.0,12.1
🐳,spouting whale,whale,sea,Animals & Nature,6.0,6.0
🐋,whale,whale2,,Animals & Nature,6.0,6.0
🐬,dolphin,dolphin flipper,,Animals & Nature,6.0,6.0
🦭,seal,seal,,Animals & Nature,13.0,14.0
🐟,fish,fish,,Animals & Nature,6.0,6.0
🐠,tropical fish,tropical_fish,,Animals & Nature,6.0,6.0
🐡,blowfish,blowfish,,Animals & Nature,6.0,6.0
🦈,shark,shark,,Animals & Nature,9.0,10.2
🐙,octopus,octopus,,Animals & Nature,6.0,6.0
🐚,spiral shell,shell,sea beach,Animals & Nature,6.0,6.0
🪸,coral,coral,,Animals & Nature,14.0,15.4
🪼,jellyfish,jellyfish,,Animals & Nature,15.0,16.4
🐌,snail,snail,slow,Animals & Nature,6.0,6.0
🦋,butterfly,butterfly,,Animals & Nature,9.0,10.2
🐛,bug,bug,,Animals & Nature,6.0,6.0
🐜,ant,ant,,Animals & Nature,6.0,6.0
🐝,honeybee,bee honeybee,,Animals & Nature,6.0,6.0
🪲,beetle,beetle,,Animals & Nature,13.0,14.0
🐞,lady beetle,lady_beetle,bug,Animals & Nature,6.0,6.0
🦗,cricket,cricket,,Animals & Nature,11.0,12.1
🪳,cockroach,cockroach,,Animals & Nature,13.0,14.0
🕷️,spider,spider,,Animals & Nature,7.0,9.1
🕸️,spider web,spider_web,,Animals & Nature,7.0,9.1
🦂,scorpion,scorpion,,Animals & Nature,8.0,9.1
🦟,mosquito,mosquito,,Animals & Nature,11.0,12.1
🪰,fly,fly,,Animals & Nature,13.0,14.0
🪱,worm,worm,,Animals & Nature,13.0,14.0
🦠,microbe,microbe,germ,Animals & Nature,11.0,12.1
💐,bouquet,bouquet,flowers,Animals & Nature,6.0,6.0
🌸,cherry blossom,cherry_blossom,flower spring,Animals & Nature,6.0,6.0
💮,white flower,white_flower,,Animals & Nature,6.0,6.0
🪷,lotus,lotus,,Animals & Nature,14.0,15.4
🏵️,rosette,rosette,,Animals & Nature,7.0,9.1
🌹,rose,rose,flower,Animals & Nature,6.0,6.0
🥀,wilted flower,wilted_flower,,Animals & Nature,9.0,10.2
🌺,hibiscus,hibiscus,,Animals & Nature,6.0,6.0
🌻,sunflower,sunflower,,Animals & Nature,6.0,6.0
🌼,blossom,blossom,,Animals & Nature,6.0,6.0
🌷,tulip,tulip,flower,Animals & Nature,6.0,6.0
🪻,hyacinth,hyacinth,,Animals & Nature,15.0,16.4
🌱,seedling,seedling,plant,Animals & Nature,6.0,6.0
🪴,potted plant,potted_plant,,Animals & Nature,13.0,14.0
🌲,evergreen tree,evergreen_tree,wood,Animals & Nature,6.0,6.0
🌳,deciduous tree,deciduous_tree,wood,Animals & Nature,6.0,6.0
🌴,palm tree,palm_tree,,Animals & Nature,6.0,6.0
🌵,cactus,cactus,,Animals & Nature,6.0,6.0
🌾,sheaf of rice,ear_of_rice,,Animals & Nature,6.0,6.0
🌿,herb,herb,,Animals & Nature,6.0,6.0
☘️,shamrock,shamrock,,Animals & Nature,4.1,9.1
🍀,four leaf clover,four_leaf_clover,luck,Animals & Nature,6.0,6.0
🍁,maple leaf,maple_leaf,canada,Animals & Nature,6.0,6.0
🍂,fallen leaf,fallen_leaf,autumn,Animals & Nature,6.0,6.0
🍃,leaf fluttering in wind,leaves,leaf,Animals & Nature,6.0,6.0
🪹,empty nest,empty_nest,,Animals & Nature,14.0,15.4
🪺,nest with eggs,nest_with_eggs,,Animals & Nature,14.0,15.4
🍄,mushroom,mushroom,fungus,Animals & Nature,6.0,6.0
🍇,grapes,grapes,,Food & Drink,6.0,6.0
🍈,melon,melon,,Food & Drink,6.0,6.0
🍉,watermelon,watermelon,,Food & Drink,6.0,6.0
🍊,tangerine,tangerine orange mandarin,,Food & Drink,6.0,6.0
🍋,lemon,lemon,,Food & Drink,6.0,6.0
🍌,banana,banana,fruit,Food & Drink,6.0,6.0
🍍,pineapple,pineapple,,Food & Drink,6.0,6.0
🥭,mango,mango,,Food & Drink,11.0,12.1
🍎,red apple,apple,,Food & Drink,6.0,6.0
🍏,green apple,green_apple,fruit,Food & Drink,6.0,6.0
🍐,pear,pear,,Food & Drink,6.0,6.0
🍑,peach,peach,,Food & Drink,6.0,6.0
🍒,cherries,cherries,fruit,Food & Drink,6.0,6.0
🍓,strawberry,strawberry,fruit,Food & Drink,6.0,6.0
🫐,blueberries,blueberries,,Food & Drink,13.0,14.0
🥝,kiwi fruit,kiwi_fruit,,Food & Drink,9.0,10.2
🍅,tomato,tomato,,Food & Drink,6.0,6.0
🫒,olive,olive,,Food & Drink,13.0,14.0
🥥,coconut,coconut,,Food & Drink,11.0,12.1
🥑,avocado,avocado,,Food & Drink,9.0,10.2
🍆,eggplant,eggplant,aubergine,Food & Drink,6.0,6.0
🥔,potato,potato,,Food & Drink,9.0,10.2
🥕,carrot,carrot,,Food & Drink,9.0,10.2
🌽,ear of corn,corn,,Food & Drink,6.0,6.0
🌶️,hot pepper,hot_pepper,spicy,Food & Drink,7.0,9.1
🫑,bell pepper,bell_pepper,,Food & Drink,13.0,14.0
🥒,cucumber,cucumber,,Food & Drink,9.0,10.2
🥬,leafy green,leafy_green,,Food & Drink,11.0,12.1
🥦,broccoli,broccoli,,Food & Drink,11.0,12.1
🧄,garlic,garlic,,Food & Drink,12.0,13.0
🧅,onion,onion,,Food & Drink,12.0,13.0
🥜,peanuts,peanuts,,Food & Drink,9.0,10.2
🫘,beans,beans,,Food & Drink,14.0,15.4
🌰,chestnut,chestnut,,Food & Drink,6.0,6.0
🫚,ginger root,ginger_root,,Food & Drink,15.0,16.4
🫛,pea pod,pea_pod,,Food & Drink,15.0,16.4
🍞,bread,bread,toast,Food & Drink,6.0,6.0
🥐,croissant,croissant,,Food & Drink,9.0,10.2
🥖,baguette bread,baguette_bread,,Food & Drink,9.0,10.2
🫓,flatbread,flatbread,,Food & Drink,13.0,14.0
🥨,pretzel,pretzel,,Food & Drink,11.0,12.1
🥯,bagel,bagel,,Food & Drink,11.0,12.1
🥞,pancakes,pancakes,,Food & Drink,9.0,10.2
🧇,waffle,waffle,,Food & Drink,12.0,13.0
🧀,cheese wedge,cheese,,Food & Drink,8.0,9.1
🍖,meat on bone,meat_on_bone,,Food & Drink,6.0,6.0
🍗,poultry leg,poultry_leg,meat chicken,Food & Drink,6.0,6.0
🥩,cut of meat,cut_of_meat,,Food & Drink,11.0,12.1
🥓,bacon,bacon,,Food & Drink,9.0,10.2
🍔,hamburger,hamburger,burger,Food & Drink,6.0,6.0
🍟,french fries,fries,,Food & Drink,6.0,6.0
🍕,pizza,pizza,,Food & Drink,6.0,6.0
🌭,hot dog,hotdog,,Food & Drink,8.0,9.1
🥪,sandwich,sandwich,,Food & Drink,11.0,12.1
🌮,taco,taco,,Food & Drink,8.0,9.1
🌯,burrito,burrito,,Food & Drink,8.0,9.1
🫔,tamale,tamale,,Food & Drink,13.0,14.0
🥙,stuffed flatbread,stuffed_flatbread,,Food & Drink,9.0,10.2
🧆,falafel,falafel,,Food & Drink,12.0,13.0
🥚,egg,egg,,Food & Drink,9.0,10.2
🍳,cooking,fried_egg,breakfast,Food & Drink,6.0,6.0
🥘,shallow pan of food,shallow_pan_of_food,paella curry,Food & Drink,,10.2
🍲,pot of food,stew,,Food & Drink,6.0,6.0
🫕,fondue,fondue,,Food & Drink,13.0,14.0
🥣,bowl with spoon,bowl_with_spoon,,Food & Drink,11.0,12.1
🥗,green salad,green_salad,,Food & Drink,9.0,10.2
🍿,popcorn,popcorn,,Food & Drink,8.0,9.1
🧈,butter,butter,,Food & Drink,12.0,13.0
🧂,salt,salt,,Food & Drink,11.0,12.1
🥫,canned food,canned_food,,Food & Drink,11.0,12.1
🍱,bento box,bento,,Food & Drink,6.0,6.0
🍘,rice cracker,rice_cracker,,Food & Drink,6.0,6.0
🍙,rice ball,rice_ball,,Food & Drink,6.0,6.0
🍚,cooked rice,rice,,Food & Drink,6.0,6.0
🍛,curry rice,curry,,Food & Drink,6.0,6.0
🍜,steaming bowl,ramen,noodle,Food & Drink,6.0,6.0
🍝,spaghetti,spaghetti,pasta,Food & Drink,6.0,6.0
🍠,roasted sweet potato,sweet_potato,,Food & Drink,6.0,6.0
🍢,oden,oden,,Food & Drink,6.0,6.0
🍣,sushi,sushi,,Food & Drink,6.0,6.0
🍤,fried shrimp,fried_shrimp,tempura,Food & Drink,6.0,6.0
🍥,fish cake with swirl,fish_cake,,Food & Drink,6.0,6.0
🥮,moon cake,moon_cake,,Food & Drink,11.0,12.1
🍡,dango,dango,,Food & Drink,6.0,6.0
🥟,dumpling,dumpling,,Food & Drink,11.0,12.1
🥠,fortune cookie,fortune_cookie,,Food & Drink,11.0,12.1
🥡,takeout box,takeout_box,,Food & Drink,11.0,12.1
🦀,crab,crab,,Food & Drink,8.0,9.1
🦞,lobster,lobster,,Food & Drink,11.0,12.1
🦐,shrimp,shrimp,,Food & Drink,9.0,10.2
🦑,squid,squid,,Food & Drink,9.0,10.2
🦪,oyster,oyster,,Food & Drink,12.0,13.0
🍦,soft ice cream,icecream,,Food & Drink,6.0,6.0
🍧,shaved ice,shaved_ice,,Food & Drink,6.0,6.0
🍨,ice cream,ice_cream,,Food & Drink,6.0,6.0
🍩,doughnut,doughnut,,Food & Drink,6.0,6.0
🍪,cookie,cookie,,Food & Drink,6.0,6.0
🎂,birthday cake,birthday,party,Food & Drink,6.0,6.0
🍰,shortcake,cake,dessert,Food & Drink,6.0,6.0
🧁,cupcake,cupcake,,Food & Drink,11.0,12.1
🥧,pie,pie,,Food & Drink,11.0,12.1
🍫,chocolate bar,chocolate_bar,,Food & Drink,6.0,6.0
🍬,candy,candy,sweet,Food & Drink,6.0,6.0
🍭,lollipop,lollipop,,Food & Drink,6.0,6.0
🍮,custard,custard,,Food & Drink,6.0,6.0
🍯,honey pot,honey_pot,,Food & Drink,6.0,6.0
🍼,baby bottle,baby_bottle,milk,Food & Drink,6.0,6.0
🥛,glass of milk,milk_glass,,Food & Drink,9.0,10.2
☕,hot beverage,coffee,cafe espresso,Food & Drink,4.0,6.0
🫖,teapot,teapot,,Food & Drink,13.0,14.0
🍵,teacup without handle,tea,green breakfast,Food & Drink,6.0,6.0
🍶,sake,sake,,Food & Drink,6.0,6.0
🍾,bottle with popping cork,champagne,bottle bubbly celebration,Food & Drink,8.0,9.1
🍷,wine glass,wine_glass,,Food & Drink,6.0,6.0
🍸,cocktail glass,cocktail,drink,Food & Drink,6.0,6.0
🍹,tropical drink,tropical_drink,summer vacation,Food & Drink,6.0,6.0
🍺,beer mug,beer,drink,Food & Drink,6.0,6.0
🍻,clinking beer mugs,beers,drinks,Food & Drink,6.0,6.0
🥂,clinking glasses,clinking_glasses,cheers toast,Food & Drink,9.0,10.2
🥃,tumbler glass,tumbler_glass,whisky,Food & Drink,9.0,10.2
🫗,pouring liquid,pouring_liquid,,Food & Drink,14.0,15.4
🥤,cup with straw,cup_with_straw,,Food & Drink,11.0,12.1
🧋,bubble tea,bubble_tea,,Food & Drink,13.0,14.0
🧃,beverage box,beverage_box,,Food & Drink,12.0,13.0
🧉,mate,mate,,Food & Drink,12.0,13.0
🧊,ice,ice_cube,,Food & Drink,12.0,13.0
🥢,chopsticks,chopsticks,,Food & Drink,11.0,12.1
🍽️,fork and knife with plate,plate_with_cutlery,dining dinner,Food & Drink,7.0,9.1
🍴,fork and knife,fork_and_knife,cutlery,Food & Drink,6.0,6.0
🥄,spoon,spoon,,Food & Drink,9.0,10.2
🔪,kitchen knife,hocho knife,cut chop,Food & Drink,6.0,6.0
🫙,jar,jar,,Food & Drink,14.0,15.4
🏺,amphora,amphora,,Food & Drink,8.0,9.1
🌍,globe showing Europe-Africa,earth_africa,globe world international,Travel & Places,6.0,6.0
🌎,globe showing Americas,earth_americas,globe world international,Travel & Places,6.0,6.0
🌏,globe showing Asia-Australia,earth_asia,globe world international,Travel & Places,6.0,6.0
🌐,globe with meridians,globe_with_meridians,world global international,Travel & Places,6.0,6.0
🗺️,world map,world_map,travel,Travel & Places,7.0,9.1
🗾,map of Japan,japan,,Travel & Places,6.0,6.0
🧭,compass,compass,,Travel & Places,11.0,12.1
🏔️,snow-capped mountain,mountain_snow,,Travel & Places,7.0,9.1
⛰️,mountain,mountain,,Travel & Places,5.2,9.1
🌋,volcano,volcano,,Travel & Places,6.0,6.0
🗻,mount fuji,mount_fuji,,Travel & Places,6.0,6.0
🏕️,camping,camping,,Travel & Places,7.0,9.1
🏖️,beach with umbrella,beach_umbrella,,Travel & Places,7.0,9.1
🏜️,desert,desert,,Travel & Places,7.0,9.1
🏝️,desert island,desert_island,,Travel & Places,7.0,9.1
🏞️,national park,national_park,,Travel & Places,7.0,9.1
🏟️,stadium,stadium,,Travel & Places,7.0,9.1
🏛️,classical building,classical_building,,Travel & Places,7.0,9.1
🏗️,building construction,building_construction,,Travel & Places,7.0,9.1
🧱,brick,bricks,,Travel & Places,11.0,12.1
🪨,rock,rock,,Travel & Places,13.0,14.0
🪵,wood,wood,,Travel & Places,13.0,14.0
🛖,hut,hut,,Travel & Places,13.0,14.0
🏘️,houses,houses,,Travel & Places,7.0,9.1
🏚️,derelict house,derelict_house,,Travel & Places,7.0,9.1
🏠,house,house,,Travel & Places,6.0,6.0
🏡,house with garden,house_with_garden,,Travel & Places,6.0,6.0
🏢,office building,office,,Travel & Places,6.0,6.0
🏣,Japanese post office,post_office,,Travel & Places,6.0,6.0
🏤,post office,european_post_office,,Travel & Places,6.0,6.0
🏥,hospital,hospital,,Travel & Places,6.0,6.0
🏦,bank,bank,,Travel & Places,6.0,6.0
🏨,hotel,hotel,,Travel & Places,6.0,6.0
🏩,love hotel,love_hotel,,Travel & Places,6.0,6.0
🏪,convenience store,convenience_store,,Travel & Places,6.0,6.0
🏫,school,school,,Travel & Places,6.0,6.0
🏬,department store,department_store,,Travel & Places,6.0,6.0
🏭,factory,factory,,Travel & Places,6.0,6.0
🏯,Japanese castle,japanese_castle,,Travel & Places,6.0,6.0
🏰,castle,european_castle,,Travel & Places,6.0,6.0
💒,wedding,wedding,marriage,Travel & Places,6.0,6.0
🗼,Tokyo tower,tokyo_tower,,Travel & Places,6.0,6.0
🗽,Statue of Liberty,statue_of_liberty,,Travel & Places,6.0,6.0
⛪,church,church,,Travel & Places,5.2,6.0
🕌,mosque,mosque,,Travel & Places,8.0,9.1
🛕,hindu temple,hindu_temple,,Travel & Places,12.0,13.0
🕍,synagogue,synagogue,,Travel & Places,8.0,9.1
⛩️,shinto shrine,shinto_shrine,,Travel & Places,5.2,9.1
🕋,kaaba,kaaba,,Travel & Places,8.0,9.1
⛲,fountain,fountain,,Travel & Places,5.2,6.0
⛺,tent,tent,camping,Travel & Places,5.2,6.0
🌁,foggy,foggy,karl,Travel & Places,6.0,6.0
🌃,night with stars,night_with_stars,,Travel & Places,6.0,6.0
🏙️,cityscape,cityscape,skyline,Travel & Places,7.0,9.1
🌄,sunrise over mountains,sunrise_over_mountains,,Travel & Places,6.0,6.0
🌅,sunrise,sunrise,,Travel & Places,6.0,6.0
🌆,cityscape at dusk,city_sunset,,Travel & Places,6.0,6.0
🌇,sunset,city_sunrise,,Travel & Places,6.0,6.0
🌉,bridge at night,bridge_at_night,,Travel & Places,6.0,6.0
♨️,hot springs,hotsprings,,Travel & Places,,6.0
🎠,carousel horse,carousel_horse,,Travel & Places,6.0,6.0
🛝,playground slide,playground_slide,,Travel & Places,14.0,15.4
🎡,ferris wheel,ferris_wheel,,Travel & Places,6.0,6.0
🎢,roller coaster,roller_coaster,,Travel & Places,6.0,6.0
💈,barber pole,barber,,Travel & Places,6.0,6.0
🎪,circus tent,circus_tent,,Travel & Places,6.0,6.0
🚂,locomotive,steam_locomotive,train,Travel & Places,6.0,6.0
🚃,railway car,railway_car,,Travel & Places,6.0,6.0
🚄,high-speed train,bullettrain_side,train,Travel & Places,6.0,6.0
🚅,bullet train,bullettrain_front,train,Travel & Places,6.0,6.0
🚆,train,train2,,Travel & Places,6.0,6.0
🚇,metro,metro,,Travel & Places,6.0,6.0
🚈,light rail,light_rail,,Travel & Places,6.0,6.0
🚉,station,station,,Travel & Places,6.0,6.0
🚊,tram,tram,,Travel & Places,6.0,6.0
🚝,monorail,monorail,,Travel & Places,6.0,6.0
🚞,mountain railway,mountain_railway,,Travel & Places,6.0,6.0
🚋,tram car,train,,Travel & Places,6.0,6.0
🚌,bus,bus,,Travel & Places,6.0,6.0
🚍,oncoming bus,oncoming_bus,,Travel & Places,6.0,6.0
🚎,trolleybus,trolleybus,,Travel & Places,6.0,6.0
🚐,minibus,minibus,,Travel & Places,6.0,6.0
🚑,ambulance,ambulance,,Travel & Places,6.0,6.0
🚒,fire engine,fire_engine,,Travel & Places,6.0,6.0
🚓,police car,police_car,,Travel & Places,6.0,6.0
🚔,oncoming police car,oncoming_police_car,,Travel & Places,6.0,6.0
🚕,taxi,taxi,,Travel & Places,6.0,6.0
🚖,oncoming taxi,oncoming_taxi,,Travel & Places,6.0,6.0
🚗,automobile,car red_car,,Travel & Places,6.0,6.0
🚘,oncoming automobile,oncoming_automobile,,Travel & Places,6.0,6.0
🚙,sport utility vehicle,blue_car,,Travel & Places,6.0,6.0
🛻,pickup truck,pickup_truck,,Travel & Places,13.0,14.0
🚚,delivery truck,truck,,Travel & Places,6.0,6.0
🚛,articulated lorry,articulated_lorry,,Travel & Places,6.0,6.0
🚜,tractor,tractor,,Travel & Places,6.0,6.0
🏎️,racing car,racing_car,,Travel & Places,7.0,9.1
🏍️,motorcycle,motorcycle,,Travel & Places,7.0,9.1
🛵,motor scooter,motor_scooter,,Travel & Places,9.0,10.2
🦽,manual wheelchair,manual_wheelchair,,Travel & Places,12.0,13.0
🦼,motorized wheelchair,motorized_wheelchair,,Travel & Places,12.0,13.0
🛺,auto rickshaw,auto_rickshaw,,Travel & Places,12.0,13.0
🚲,bicycle,bike,bicycle,Travel & Places,6.0,6.0
🛴,kick scooter,kick_scooter,,Travel & Places,9.0,10.2
🛹,skateboard,skateboard,,Travel & Places,11.0,12.1
🛼,roller skate,roller_skate,,Travel & Places,13.0,14.0
🚏,bus stop,busstop,,Travel & Places,6.0,6.0
🛣️,motorway,motorway,,Travel & Places,7.0,9.1
🛤️,railway track,railway_track,,Travel & Places,7.0,9.1
🛢️,oil drum,oil_drum,,Travel & Places,7.0,9.1
⛽,fuel pump,fuelpump,,Travel & Places,5.2,6.0
🛞,wheel,wheel,,Travel & Places,14.0,15.4
🚨,police car light,rotating_light,911 emergency,Travel & Places,6.0,6.0
🚥,horizontal traffic light,traffic_light,,Travel & Places,6.0,6.0
🚦,vertical traffic light,vertical_traffic_light,semaphore,Travel & Places,6.0,6.0
🛑,stop sign,stop_sign,,Travel & Places,9.0,10.2
🚧,construction,construction,wip,Travel & Places,6.0,6.0
⚓,anchor,anchor,ship,Travel & Places,4.1,6.0
🛟,ring buoy,ring_buoy,life preserver,Travel & Places,14.0,15.4
⛵,sailboat,boat sailboat,,Travel & Places,5.2,6.0
🛶,canoe,canoe,,Travel & Places,9.0,10.2
🚤,speedboat,speedboat,ship,Travel & Places,6.0,6.0
🛳️,passenger ship,passenger_ship,cruise,Travel & Places,7.0,9.1
⛴️,ferry,ferry,,Travel & Places,5.2,9.1
🛥️,motor boat,motor_boat,,Travel & Places,7.0,9.1
🚢,ship,ship,,Travel & Places,6.0,6.0
✈️,airplane,airplane,flight,Travel & Places,,6.0
🛩️,small airplane,small_airplane,flight,Travel & Places,7.0,9.1
🛫,airplane departure,flight_departure,,Travel & Places,7.0,9.1
🛬,airplane arrival,flight_arrival,,Travel & Places,7.0,9.1
🪂,parachute,parachute,,Travel & Places,12.0,13.0
💺,seat,seat,,Travel & Places,6.0,6.0
🚁,helicopter,helicopter,,Travel & Places,6.0,6.0
🚟,suspension railway,suspension_railway,,Travel & Places,6.0,6.0
🚠,mountain cableway,mountain_cableway,,Travel & Places,6.0,6.0
🚡,aerial tramway,aerial_tramway,,Travel & Places,6.0,6.0
🛰️,satellite,artificial_satellite,orbit space,Travel & Places,7.0,9.1
🚀,rocket,rocket,ship launch,Travel & Places,6.0,6.0
🛸,flying saucer,flying_saucer,ufo,Travel & Places,11.0,12.1
🛎️,bellhop bell,bellhop_bell,,Travel & Places,7.0,9.1
🧳,luggage,luggage,,Travel & Places,11.0,12.1
⌛,hourglass done,hourglass,time,Travel & Places,,6.0
⏳,hourglass not done,hourglass_flowing_sand,time,Travel & Places,6.0,6.0
⌚,watch,watch,time,Travel & Places,,6.0
⏰,alarm clock,alarm_clock,morning,Travel & Places,6.0,6.0
⏱️,stopwatch,stopwatch,,Travel & Places,6.0,9.1
⏲️,timer clock,timer_clock,,Travel & Places,6.0,9.1
🕰️,mantelpiece clock,mantelpiece_clock,,Travel & Places,7.0,9.1
🕛,twelve o’clock,clock12,,Travel & Places,6.0,6.0
🕧,twelve-thirty,clock1230,,Travel & Places,6.0,6.0
🕐,one o’clock,clock1,,Travel & Places,6.0,6.0
🕜,one-thirty,clock130,,Travel & Places,6.0,6.0
🕑,two o’clock,clock2,,Travel & Places,6.0,6.0
🕝,two-thirty,clock230,,Travel & Places,6.0,6.0
🕒,three o’clock,clock3,,Travel & Places,6.0,6.0
🕞,three-thirty,clock330,,Travel & Places,6.0,6.0
🕓,four o’clock,clock4,,Travel & Places,6.0,6.0
🕟,four-thirty,clock430,,Travel & Places,6.0,6.0
🕔,five o’clock,clock5,,Travel & Places,6.0,6.0
🕠,five-thirty,clock530,,Travel & Places,6.0,6.0
🕕,six o’clock,clock6,,Travel & Places,6.0,6.0
🕡,six-thirty,clock630,,Travel & Places,6.0,6.0
🕖,seven o’clock,clock7,,Travel & Places,6.0,6.0
🕢,seven-thirty,clock730,,Travel & Places,6.0,6.0
🕗,eight o’clock,clock8,,Travel & Places,6.0,6.0
🕣,eight-thirty,clock830,,Travel & Places,6.0,6.0
🕘,nine o’clock,clock9,,Travel & Places,6.0,6.0
🕤,nine-thirty,clock930,,Travel & Places,6.0,6.0
🕙,ten o’clock,clock10,,Travel & Places,6.0,6.0
🕥,ten-thirty,clock1030,,Travel & Places,6.0,6.0
🕚,eleven o’clock,clock11,,Travel & Places,6.0,6.0
🕦,eleven-thirty,clock1130,,Travel & Places,6.0,6.0
🌑,new moon,new_moon,,Travel & Places,6.0,6.0
🌒,waxing crescent moon,waxing_crescent_moon,,Travel & Places,6.0,6.0
🌓,first quarter moon,first_quarter_moon,,Travel & Places,6.0,6.0
🌔,waxing gibbous moon,moon waxing_gibbous_moon,,Travel & Places,6.0,6.0
🌕,full moon,full_moon,,Travel & Places,6.0,6.0
🌖,waning gibbous moon,waning_gibbous_moon,,Travel & Places,6.0,6.0
🌗,last quarter moon,last_quarter_moon,,Travel & Places,6.0,6.0
🌘,waning crescent moon,waning_crescent_moon,,Travel & Places,6.0,6.0
🌙,crescent moon,crescent_moon,night,Travel & Places,6.0,6.0
🌚,new moon face,new_moon_with_face,,Travel & Places,6.0,6.0
🌛,first quarter moon face,first_quarter_moon_with_face,,Travel & Places,6.0,6.0
🌜,last quarter moon face,last_quarter_moon_with_face,,Travel & Places,6.0,6.0
🌡️,thermometer,thermometer,,Travel & Places,7.0,9.1
☀️,sun,sunny,weather,Travel & Places,,6.0
🌝,full moon face,full_moon_with_face,,Travel & Places,6.0,6.0
🌞,sun with face,sun_with_face,summer,Travel & Places,6.0,6.0
🪐,ringed planet,ringed_planet,,Travel & Places,12.0,13.0
⭐,star,star,,Travel & Places,5.1,6.0
🌟,glowing star,star2,,Travel & Places,6.0,6.0
🌠,shooting star,stars,,Travel & Places,6.0,6.0
🌌,milky way,milky_way,,Travel & Places,6.0,6.0
☁️,cloud,cloud,,Travel & Places,,6.0
⛅,sun behind cloud,partly_sunny,weather cloud,Travel & Places,5.2,6.0
⛈️,cloud with lightning and rain,cloud_with_lightning_and_rain,,Travel & Places,5.2,9.1
🌤️,sun behind small cloud,sun_behind_small_cloud,,Travel & Places,7.0,9.1
🌥️,sun behind large cloud,sun_behind_large_cloud,,Travel & Places,7.0,9.1
🌦️,sun behind rain cloud,sun_behind_rain_cloud,,Travel & Places,7.0,9.1
🌧️,cloud with rain,cloud_with_rain,,Travel & Places,7.0,9.1
🌨️,cloud with snow,cloud_with_snow,,Travel & Places,7.0,9.1
🌩️,cloud with lightning,cloud_with_lightning,,Travel & Places,7.0,9.1
🌪️,tornado,tornado,,Travel & Places,7.0,9.1
🌫️,fog,fog,,Travel & Places,7.0,9.1
🌬️,wind face,wind_face,,Travel & Places,7.0,9.1
🌀,cyclone,cyclone,swirl,Travel & Places,6.0,6.0
🌈,rainbow,rainbow,,Travel & Places,6.0,6.0
🌂,closed umbrella,closed_umbrella,weather rain,Travel & Places,6.0,6.0
☂️,umbrella,open_umbrella,,Travel & Places,,9.1
☔,umbrella with rain drops,umbrella,rain weather,Travel & Places,4.0,6.0
⛱️,umbrella on ground,parasol_on_ground,beach_umbrella,Travel & Places,5.2,9.1
⚡,high voltage,zap,lightning thunder,Travel & Places,4.0,6.0
❄️,snowflake,snowflake,winter cold weather,Travel & Places,,6.0
☃️,snowman,snowman_with_snow,winter christmas,Travel & Places,,9.1
⛄,snowman without snow,snowman,winter,Travel & Places,5.2,6.0
☄️,comet,comet,,Travel & Places,,9.1
🔥,fire,fire,burn,Travel & Places,6.0,6.0
💧,droplet,droplet,water,Travel & Places,6.0,6.0
🌊,water wave,ocean,sea,Travel & Places,6.0,6.0
🎃,jack-o-lantern,jack_o_lantern,halloween,Activities,6.0,6.0
🎄,Christmas tree,christmas_tree,,Activities,6.0,6.0
🎆,fireworks,fireworks,festival celebration,Activities,6.0,6.0
🎇,sparkler,sparkler,,Activities,6.0,6.0
🧨,firecracker,firecracker,,Activities,11.0,12.1
✨,sparkles,sparkles,shiny,Activities,6.0,6.0
🎈,balloon,balloon,party birthday,Activities,6.0,6.0
🎉,party popper,tada,hooray party,Activities,6.0,6.0
🎊,confetti ball,confetti_ball,,Activities,6.0,6.0
🎋,tanabata tree,tanabata_tree,,Activities,6.0,6.0
🎍,pine decoration,bamboo,,Activities,6.0,6.0
🎎,Japanese dolls,dolls,,Activities,6.0,6.0
🎏,carp streamer,flags,,Activities,6.0,6.0
🎐,wind chime,wind_chime,,Activities,6.0,6.0
🎑,moon viewing ceremony,rice_scene,,Activities,6.0,6.0
🧧,red envelope,red_envelope,,Activities,11.0,12.1
🎀,ribbon,ribbon,,Activities,6.0,6.0
🎁,wrapped gift,gift,present birthday christmas,Activities,6.0,6.0
🎗️,reminder ribbon,reminder_ribbon,,Activities,7.0,9.1
🎟️,admission tickets,tickets,,Activities,7.0,9.1
🎫,ticket,ticket,,Activities,6.0,6.0
🎖️,military medal,medal_military,,Activities,7.0,9.1
🏆,trophy,trophy,award contest winner,Activities,6.0,6.0
🏅,sports medal,medal_sports,gold winner,Activities,7.0,9.1
🥇,1st place medal,1st_place_medal,gold,Activities,9.0,10.2
🥈,2nd place medal,2nd_place_medal,silver,Activities,9.0,10.2
🥉,3rd place medal,3rd_place_medal,bronze,Activities,9.0,10.2
⚽,soccer ball,soccer,sports,Activities,5.2,6.0
⚾,baseball,baseball,sports,Activities,5.2,6.0
🥎,softball,softball,,Activities,11.0,12.1
🏀,basketball,basketball,sports,Activities,6.0,6.0
🏐,volleyball,volleyball,,Activities,8.0,9.1
🏈,american football,football,sports,Activities,6.0,6.0
🏉,rugby football,rugby_football,,Activities,6.0,6.0
🎾,tennis,tennis,sports,Activities,6.0,6.0
🥏,flying disc,flying_disc,,Activities,11.0,12.1
🎳,bowling,bowling,,Activities,6.0,6.0
🏏,cricket game,cricket_game,,Activities,8.0,9.1
🏑,field hockey,field_hockey,,Activities,8.0,9.1
🏒,ice hockey,ice_hockey,,Activities,8.0,9.1
🥍,lacrosse,lacrosse,,Activities,11.0,12.1
🏓,ping pong,ping_pong,,Activities,8.0,9.1
🏸,badminton,badminton,,Activities,8.0,9.1
🥊,boxing glove,boxing_glove,,Activities,9.0,10.2
🥋,martial arts uniform,martial_arts_uniform,,Activities,9.0,10.2
🥅,goal net,goal_net,,Activities,9.0,10.2
⛳,flag in hole,golf,,Activities,5.2,6.0
⛸️,ice skate,ice_skate,skating,Activities,5.2,9.1
🎣,fishing pole,fishing_pole_and_fish,,Activities,6.0,6.0
🤿,diving mask,diving_mask,,Activities,12.0,13.0
🎽,running shirt,running_shirt_with_sash,marathon,Activities,6.0,6.0
🎿,skis,ski,,Activities,6.0,6.0
🛷,sled,sled,,Activities,11.0,12.1
🥌,curling stone,curling_stone,,Activities,11.0,12.1
🎯,bullseye,dart,target,Activities,6.0,6.0
🪀,yo-yo,yo_yo,,Activities,12.0,13.0
🪁,kite,kite,,Activities,12.0,13.0
🔫,water pistol,gun,shoot weapon,Activities,6.0,6.0
🎱,pool 8 ball,8ball,pool billiards,Activities,6.0,6.0
🔮,crystal ball,crystal_ball,fortune,Activities,6.0,6.0
🪄,magic wand,magic_wand,,Activities,13.0,14.0
🎮,video game,video_game,play controller console,Activities,6.0,6.0
🕹️,joystick,joystick,,Activities,7.0,9.1
🎰,slot machine,slot_machine,,Activities,6.0,6.0
🎲,game die,game_die,dice gambling,Activities,6.0,6.0
🧩,puzzle piece,jigsaw,,Activities,11.0,12.1
🧸,teddy bear,teddy_bear,,Activities,11.0,12.1
🪅,piñata,pinata,,Activities,13.0,14.0
🪩,mirror ball,mirror_ball,disco party,Activities,14.0,15.4
🪆,nesting dolls,nesting_dolls,,Activities,13.0,14.0
♠️,spade suit,spades,,Activities,,6.0
♥️,heart suit,hearts,,Activities,,6.0
♦️,diamond suit,diamonds,,Activities,,6.0
♣️,club suit,clubs,,Activities,,6.0
♟️,chess pawn,chess_pawn,,Activities,11.0,12.1
🃏,joker,black_joker,,Activities,6.0,6.0
🀄,mahjong red dragon,mahjong,,Activities,,6.0
🎴,flower playing cards,flower_playing_cards,,Activities,6.0,6.0
🎭,performing arts,performing_arts,theater drama,Activities,6.0,6.0
🖼️,framed picture,framed_picture,,Activities,7.0,9.1
🎨,artist palette,art,design paint,Activities,6.0,6.0
🧵,thread,thread,,Activities,11.0,12.1
🪡,sewing needle,sewing_needle,,Activities,13.0,14.0
🧶,yarn,yarn,,Activities,11.0,12.1
🪢,knot,knot,,Activities,13.0,14.0
👓,glasses,eyeglasses,glasses,Objects,6.0,6.0
🕶️,sunglasses,dark_sunglasses,,Objects,7.0,9.1
🥽,goggles,goggles,,Objects,11.0,12.1
🥼,lab coat,lab_coat,,Objects,11.0,12.1
🦺,safety vest,safety_vest,,Objects,12.0,13.0
👔,necktie,necktie,shirt formal,Objects,6.0,6.0
👕,t-shirt,shirt tshirt,,Objects,6.0,6.0
👖,jeans,jeans,pants,Objects,6.0,6.0
🧣,scarf,scarf,,Objects,11.0,12.1
🧤,gloves,gloves,,Objects,11.0,12.1
🧥,coat,coat,,Objects,11.0,12.1
🧦,socks,socks,,Objects,11.0,12.1
👗,dress,dress,,Objects,6.0,6.0
👘,kimono,kimono,,Objects,6.0,6.0
🥻,sari,sari,,Objects,12.0,13.0
🩱,one-piece swimsuit,one_piece_swimsuit,,Objects,12.0,13.0
🩲,briefs,swim_brief,,Objects,12.0,13.0
🩳,shorts,shorts,,Objects,12.0,13.0
👙,bikini,bikini,beach,Objects,6.0,6.0
👚,woman’s clothes,womans_clothes,,Objects,6.0,6.0
🪭,folding hand fan,folding_hand_fan,sensu,Objects,15.0,16.4
👛,purse,purse,,Objects,6.0,6.0
👜,handbag,handbag,bag,Objects,6.0,6.0
👝,clutch bag,pouch,bag,Objects,6.0,6.0
🛍️,shopping bags,shopping,bags,Objects,7.0,9.1
🎒,backpack,school_satchel,,Objects,6.0,6.0
🩴,thong sandal,thong_sandal,,Objects,13.0,14.0
👞,man’s shoe,mans_shoe shoe,,Objects,6.0,6.0
👟,running shoe,athletic_shoe,sneaker sport running,Objects,6.0,6.0
🥾,hiking boot,hiking_boot,,Objects,11.0,12.1
🥿,flat shoe,flat_shoe,,Objects,11.0,12.1
👠,high-heeled shoe,high_heel,shoe,Objects,6.0,6.0
👡,woman’s sandal,sandal,shoe,Objects,6.0,6.0
🩰,ballet shoes,ballet_shoes,,Objects,12.0,13.0
👢,woman’s boot,boot,,Objects,6.0,6.0
🪮,hair pick,hair_pick,,Objects,15.0,16.4
👑,crown,crown,king queen royal,Objects,6.0,6.0
👒,woman’s hat,womans_hat,,Objects,6.0,6.0
🎩,top hat,tophat,hat classy,Objects,6.0,6.0
🎓,graduation cap,mortar_board,education college university graduation,Objects,6.0,6.0
🧢,billed cap,billed_cap,,Objects,11.0,12.1
🪖,military helmet,military_helmet,,Objects,13.0,14.0
⛑️,rescue worker’s helmet,rescue_worker_helmet,,Objects,5.2,9.1
📿,prayer beads,prayer_beads,,Objects,8.0,9.1
💄,lipstick,lipstick,makeup,Objects,6.0,6.0
💍,ring,ring,wedding marriage engaged,Objects,6.0,6.0
💎,gem stone,gem,diamond,Objects,6.0,6.0
🔇,muted speaker,mute,sound volume,Objects,6.0,6.0
🔈,speaker low volume,speaker,,Objects,6.0,6.0
🔉,speaker medium volume,sound,volume,Objects,6.0,6.0
🔊,speaker high volume,loud_sound,volume,Objects,6.0,6.0
📢,loudspeaker,loudspeaker,announcement,Objects,6.0,6.0
📣,megaphone,mega,,Objects,6.0,6.0
📯,postal horn,postal_horn,,Objects,6.0,6.0
🔔,bell,bell,sound notification,Objects,6.0,6.0
🔕,bell with slash,no_bell,volume off,Objects,6.0,6.0
🎼,musical score,musical_score,,Objects,6.0,6.0
🎵,musical note,musical_note,,Objects,6.0,6.0
🎶,musical notes,notes,music,Objects,6.0,6.0
🎙️,studio microphone,studio_microphone,podcast,Objects,7.0,9.1
🎚️,level slider,level_slider,,Objects,7.0,9.1
🎛️,control knobs,control_knobs,,Objects,7.0,9.1
🎤,microphone,microphone,sing,Objects,6.0,6.0
🎧,headphone,headphones,music earphones,Objects,6.0,6.0
📻,radio,radio,podcast,Objects,6.0,6.0
🎷,saxophone,saxophone,,Objects,6.0,6.0
🪗,accordion,accordion,,Objects,13.0,14.0
🎸,guitar,guitar,rock,Objects,6.0,6.0
🎹,musical keyboard,musical_keyboard,piano,Objects,6.0,6.0
🎺,trumpet,trumpet,,Objects,6.0,6.0
🎻,violin,violin,,Objects,6.0,6.0
🪕,banjo,banjo,,Objects,12.0,13.0
🥁,drum,drum,,Objects,,10.2
🪘,long drum,long_drum,,Objects,13.0,14.0
🪇,maracas,maracas,shaker,Objects,15.0,16.4
🪈,flute,flute,recorder,Objects,15.0,16.4
📱,mobile phone,iphone,smartphone mobile,Objects,6.0,6.0
📲,mobile phone with arrow,calling,call incoming,Objects,6.0,6.0
☎️,telephone,phone telephone,,Objects,,6.0
📞,telephone receiver,telephone_receiver,phone call,Objects,6.0,6.0
📟,pager,pager,,Objects,6.0,6.0
📠,fax machine,fax,,Objects,6.0,6.0
🔋,battery,battery,power,Objects,6.0,6.0
🪫,low battery,low_battery,,Objects,14.0,15.4
🔌,electric plug,electric_plug,,Objects,6.0,6.0
💻,laptop,computer,desktop screen,Objects,6.0,6.0
🖥️,desktop computer,desktop_computer,,Objects,7.0,9.1
🖨️,printer,printer,,Objects,7.0,9.1
⌨️,keyboard,keyboard,,Objects,,9.1
🖱️,computer mouse,computer_mouse,,Objects,7.0,9.1
🖲️,trackball,trackball,,Objects,7.0,9.1
💽,computer disk,minidisc,,Objects,6.0,6.0
💾,floppy disk,floppy_disk,save,Objects,6.0,6.0
💿,optical disk,cd,,Objects,6.0,6.0
📀,dvd,dvd,,Objects,6.0,6.0
🧮,abacus,abacus,,Objects,11.0,12.1
🎥,movie camera,movie_camera,film video,Objects,6.0,6.0
🎞️,film frames,film_strip,,Objects,7.0,9.1
📽️,film projector,film_projector,,Objects,7.0,9.1
🎬,clapper board,clapper,film,Objects,6.0,6.0
📺,television,tv,,Objects,6.0,6.0
📷,camera,camera,photo,Objects,6.0,6.0
📸,camera with flash,camera_flash,photo,Objects,7.0,9.1
📹,video camera,video_camera,,Objects,6.0,6.0
📼,videocassette,vhs,,Objects,6.0,6.0
🔍,magnifying glass tilted left,mag,search zoom,Objects,6.0,6.0
🔎,magnifying glass tilted right,mag_right,,Objects,6.0,6.0
🕯️,candle,candle,,Objects,7.0,9.1
💡,light bulb,bulb,idea light,Objects,6.0,6.0
🔦,flashlight,flashlight,,Objects,6.0,6.0
🏮,red paper lantern,izakaya_lantern lantern,,Objects,6.0,6.0
🪔,diya lamp,diya_lamp,,Objects,12.0,13.0
📔,notebook with decorative cover,notebook_with_decorative_cover,,Objects,6.0,6.0
📕,closed book,closed_book,,Objects,6.0,6.0
📖,open book,book open_book,,Objects,6.0,6.0
📗,green book,green_book,,Objects,6.0,6.0
📘,blue book,blue_book,,Objects,6.0,6.0
📙,orange book,orange_book,,Objects,6.0,6.0
📚,books,books,library,Objects,6.0,6.0
📓,notebook,notebook,,Objects,6.0,6.0
📒,ledger,ledger,,Objects,6.0,6.0
📃,page with curl,page_with_curl,,Objects,6.0,6.0
📜,scroll,scroll,document,Objects,6.0,6.0
📄,page facing up,page_facing_up,document,Objects,6.0,6.0
📰,newspaper,newspaper,press,Objects,6.0,6.0
🗞️,rolled-up newspaper,newspaper_roll,press,Objects,7.0,9.1
📑,bookmark tabs,bookmark_tabs,,Objects,6.0,6.0
🔖,bookmark,bookmark,,Objects,6.0,6.0
🏷️,label,label,tag,Objects,7.0,9.1
💰,money bag,moneybag,dollar cream,Objects,6.0,6.0
🪙,coin,coin,,Objects,13.0,14.0
💴,yen banknote,yen,,Objects,6.0,6.0
💵,dollar banknote,dollar,money,Objects,6.0,6.0
💶,euro banknote,euro,,Objects,6.0,6.0
💷,pound banknote,pound,,Objects,6.0,6.0
💸,money with wings,money_with_wings,dollar,Objects,6.0,6.0
💳,credit card,credit_card,subscription,Objects,6.0,6.0
🧾,receipt,receipt,,Objects,11.0,12.1
💹,chart increasing with yen,chart,,Objects,6.0,6.0
✉️,envelope,envelope,letter email,Objects,,6.0
📧,e-mail,email e-mail,,Objects,6.0,6.0
📨,incoming envelope,incoming_envelope,,Objects,6.0,6.0
📩,envelope with arrow,envelope_with_arrow,,Objects,6.0,6.0
📤,outbox tray,outbox_tray,,Objects,6.0,6.0
📥,inbox tray,inbox_tray,,Objects,6.0,6.0
📦,package,package,shipping,Objects,6.0,6.0
📫,closed mailbox with raised flag,mailbox,,Objects,6.0,6.0
📪,closed mailbox with lowered flag,mailbox_closed,,Objects,6.0,6.0
📬,open mailbox with raised flag,mailbox_with_mail,,Objects,6.0,6.0
📭,open mailbox with lowered flag,mailbox_with_no_mail,,Objects,6.0,6.0
📮,postbox,postbox,,Objects,6.0,6.0
🗳️,ballot box with ballot,ballot_box,,Objects,7.0,9.1
✏️,pencil,pencil2,,Objects,,6.0
✒️,black nib,black_nib,,Objects,,6.0
🖋️,fountain pen,fountain_pen,,Objects,7.0,9.1
🖊️,pen,pen,,Objects,7.0,9.1
🖌️,paintbrush,paintbrush,,Objects,7.0,9.1
🖍️,crayon,crayon,,Objects,7.0,9.1
📝,memo,memo pencil,document note,Objects,6.0,6.0
💼,briefcase,briefcase,business,Objects,6.0,6.0
📁,file folder,file_folder,directory,Objects,6.0,6.0
📂,open file folder,open_file_folder,,Objects,6.0,6.0
🗂️,card index dividers,card_index_dividers,,Objects,7.0,9.1
📅,calendar,date,calendar schedule,Objects,6.0,6.0
📆,tear-off calendar,calendar,schedule,Objects,6.0,6.0
🗒️,spiral notepad,spiral_notepad,,Objects,7.0,9.1
🗓️,spiral calendar,spiral_calendar,,Objects,7.0,9.1
📇,card index,card_index,,Objects,6.0,6.0
📈,chart increasing,chart_with_upwards_trend,graph metrics,Objects,6.0,6.0
📉,chart decreasing,chart_with_downwards_trend,graph metrics,Objects,6.0,6.0
📊,bar chart,bar_chart,stats metrics,Objects,6.0,6.0
📋,clipboard,clipboard,,Objects,6.0,6.0
📌,pushpin,pushpin,location,Objects,6.0,6.0
📍,round pushpin,round_pushpin,location,Objects,6.0,6.0
📎,paperclip,paperclip,,Objects,6.0,6.0
🖇️,linked paperclips,paperclips,,Objects,7.0,9.1
📏,straight ruler,straight_ruler,,Objects,6.0,6.0
📐,triangular ruler,triangular_ruler,,Objects,6.0,6.0
✂️,scissors,scissors,cut,Objects,,6.0
🗃️,card file box,card_file_box,,Objects,7.0,9.1
🗄️,file cabinet,file_cabinet,,Objects,7.0,9.1
🗑️,wastebasket,wastebasket,trash,Objects,7.0,9.1
🔒,locked,lock,security private,Objects,6.0,6.0
🔓,unlocked,unlock,security,Objects,6.0,6.0
🔏,locked with pen,lock_with_ink_pen,,Objects,6.0,6.0
🔐,locked with key,closed_lock_with_key,security,Objects,6.0,6.0
🔑,key,key,lock password,Objects,6.0,6.0
🗝️,old key,old_key,,Objects,7.0,9.1
🔨,hammer,hammer,tool,Objects,6.0,6.0
🪓,axe,axe,,Objects,12.0,13.0
⛏️,pick,pick,,Objects,5.2,9.1
⚒️,hammer and pick,hammer_and_pick,,Objects,4.1,9.1
🛠️,hammer and wrench,hammer_and_wrench,,Objects,7.0,9.1
🗡️,dagger,dagger,,Objects,7.0,9.1
⚔️,crossed swords,crossed_swords,,Objects,4.1,9.1
💣,bomb,bomb,boom,Objects,6.0,6.0
🪃,boomerang,boomerang,,Objects,13.0,14.0
🏹,bow and arrow,bow_and_arrow,archery,Objects,8.0,9.1
🛡️,shield,shield,,Objects,7.0,9.1
🪚,carpentry saw,carpentry_saw,,Objects,13.0,14.0
🔧,wrench,wrench,tool,Objects,6.0,6.0
🪛,screwdriver,screwdriver,,Objects,13.0,14.0
🔩,nut and bolt,nut_and_bolt,,Objects,6.0,6.0
⚙️,gear,gear,,Objects,4.1,9.1
🗜️,clamp,clamp,,Objects,7.0,9.1
⚖️,balance scale,balance_scale,,Objects,4.1,9.1
🦯,white cane,probing_cane,,Objects,12.0,13.0
🔗,link,link,,Objects,6.0,6.0
⛓️,chains,chains,,Objects,5.2,9.1
🪝,hook,hook,,Objects,13.0,14.0
🧰,toolbox,toolbox,,Objects,11.0,12.1
🧲,magnet,magnet,,Objects,11.0,12.1
🪜,ladder,ladder,,Objects,13.0,14.0
⚗️,alembic,alembic,,Objects,4.1,9.1
🧪,test tube,test_tube,,Objects,11.0,12.1
🧫,petri dish,petri_dish,,Objects,11.0,12.1
🧬,dna,dna,,Objects,11.0,12.1
🔬,microscope,microscope,science laboratory investigate,Objects,6.0,6.0
🔭,telescope,telescope,,Objects,6.0,6.0
📡,satellite antenna,satellite,signal,Objects,6.0,6.0
💉,syringe,syringe,health hospital needle,Objects,6.0,6.0
🩸,drop of blood,drop_of_blood,,Objects,12.0,13.0
💊,pill,pill,health medicine,Objects,6.0,6.0
🩹,adhesive bandage,adhesive_bandage,,Objects,12.0,13.0
🩼,crutch,crutch,,Objects,14.0,15.4
🩺,stethoscope,stethoscope,,Objects,12.0,13.0
🩻,x-ray,x_ray,,Objects,14.0,15.4
🚪,door,door,,Objects,6.0,6.0
🛗,elevator,elevator,,Objects,13.0,14.0
🪞,mirror,mirror,,Objects,13.0,14.0
🪟,window,window,,Objects,13.0,14.0
🛏️,bed,bed,,Objects,7.0,9.1
🛋️,couch and lamp,couch_and_lamp,,Objects,7.0,9.1
🪑,chair,chair,,Objects,12.0,13.0
🚽,toilet,toilet,wc,Objects,6.0,6.0
🪠,plunger,plunger,,Objects,13.0,14.0
🚿,shower,shower,bath,Objects,6.0,6.0
🛁,bathtub,bathtub,,Objects,6.0,6.0
🪤,mouse trap,mouse_trap,,Objects,13.0,14.0
🪒,razor,razor,,Objects,12.0,13.0
🧴,lotion bottle,lotion_bottle,,Objects,11.0,12.1
🧷,safety pin,safety_pin,,Objects,11.0,12.1
🧹,broom,broom,,Objects,11.0,12.1
🧺,basket,basket,,Objects,11.0,12.1
🧻,roll of paper,roll_of_paper,toilet,Objects,11.0,12.1
🪣,bucket,bucket,,Objects,13.0,14.0
🧼,soap,soap,,Objects,11.0,12.1
🫧,bubbles,bubbles,,Objects,14.0,15.4
🪥,toothbrush,toothbrush,,Objects,13.0,14.0
🧽,sponge,sponge,,Objects,11.0,12.1
🧯,fire extinguisher,fire_extinguisher,,Objects,11.0,12.1
🛒,shopping cart,shopping_cart,,Objects,9.0,10.2
🚬,cigarette,smoking,cigarette,Objects,6.0,6.0
⚰️,coffin,coffin,funeral,Objects,4.1,9.1
🪦,headstone,headstone,,Objects,13.0,14.0
⚱️,funeral urn,funeral_urn,,Objects,4.1,9.1
🧿,nazar amulet,nazar_amulet,,Objects,11.0,12.1
🪬,hamsa,hamsa,,Objects,14.0,15.4
🗿,moai,moyai,stone,Objects,6.0,6.0
🪧,placard,placard,,Objects,13.0,14.0
🪪,identification card,identification_card,,Objects,14.0,15.4
🏧,ATM sign,atm,,Symbols,6.0,6.0
🚮,litter in bin sign,put_litter_in_its_place,,Symbols,6.0,6.0
🚰,potable water,potable_water,,Symbols,6.0,6.0
♿,wheelchair symbol,wheelchair,accessibility,Symbols,4.1,6.0
🚹,men’s room,mens,,Symbols,6.0,6.0
🚺,women’s room,womens,,Symbols,6.0,6.0
🚻,restroom,restroom,toilet,Symbols,6.0,6.0
🚼,baby symbol,baby_symbol,,Symbols,6.0,6.0
🚾,water closet,wc,toilet restroom,Symbols,6.0,6.0
🛂,passport control,passport_control,,Symbols,6.0,6.0
🛃,customs,customs,,Symbols,6.0,6.0
🛄,baggage claim,baggage_claim,airport,Symbols,6.0,6.0
🛅,left luggage,left_luggage,,Symbols,6.0,6.0
⚠️,warning,warning,wip,Symbols,4.0,6.0
🚸,children crossing,children_crossing,,Symbols,6.0,6.0
⛔,no entry,no_entry,limit,Symbols,5.2,6.0
🚫,prohibited,no_entry_sign,block forbidden,Symbols,6.0,6.0
🚳,no bicycles,no_bicycles,,Symbols,6.0,6.0
🚭,no smoking,no_smoking,,Symbols,6.0,6.0
🚯,no littering,do_not_litter,,Symbols,6.0,6.0
🚱,non-potable water,non-potable_water,,Symbols,6.0,6.0
🚷,no pedestrians,no_pedestrians,,Symbols,6.0,6.0
📵,no mobile phones,no_mobile_phones,,Symbols,6.0,6.0
🔞,no one under eighteen,underage,,Symbols,6.0,6.0
☢️,radioactive,radioactive,,Symbols,,9.1
☣️,biohazard,biohazard,,Symbols,,9.1
⬆️,up arrow,arrow_up,,Symbols,4.0,6.0
↗️,up-right arrow,arrow_upper_right,,Symbols,,6.0
➡️,right arrow,arrow_right,,Symbols,,6.0
↘️,down-right arrow,arrow_lower_right,,Symbols,,6.0
⬇️,down arrow,arrow_down,,Symbols,4.0,6.0
↙️,down-left arrow,arrow_lower_left,,Symbols,,6.0
⬅️,left arrow,arrow_left,,Symbols,4.0,6.0
↖️,up-left arrow,arrow_upper_left,,Symbols,,6.0
↕️,up-down arrow,arrow_up_down,,Symbols,,6.0
↔️,left-right arrow,left_right_arrow,,Symbols,,6.0
↩️,right arrow curving left,leftwards_arrow_with_hook,return,Symbols,,6.0
↪️,left arrow curving right,arrow_right_hook,,Symbols,,6.0
⤴️,right arrow curving up,arrow_heading_up,,Symbols,,6.0
⤵️,right arrow curving down,arrow_heading_down,,Symbols,,6.0
🔃,clockwise vertical arrows,arrows_clockwise,,Symbols,6.0,6.0
🔄,counterclockwise arrows button,arrows_counterclockwise,sync,Symbols,6.0,6.0
🔙,BACK arrow,back,,Symbols,6.0,6.0
🔚,END arrow,end,,Symbols,6.0,6.0
🔛,ON! arrow,on,,Symbols,6.0,6.0
🔜,SOON arrow,soon,,Symbols,6.0,6.0
🔝,TOP arrow,top,,Symbols,6.0,6.0
🛐,place of worship,place_of_worship,,Symbols,8.0,9.1
⚛️,atom symbol,atom_symbol,,Symbols,4.1,9.1
🕉️,om,om,,Symbols,7.0,9.1
✡️,star of David,star_of_david,,Symbols,,9.1
☸️,wheel of dharma,wheel_of_dharma,,Symbols,,9.1
☯️,yin yang,yin_yang,,Symbols,,9.1
✝️,latin cross,latin_cross,,Symbols,,9.1
☦️,orthodox cross,orthodox_cross,,Symbols,,9.1
☪️,star and crescent,star_and_crescent,,Symbols,,9.1
☮️,peace symbol,peace_symbol,,Symbols,,9.1
🕎,menorah,menorah,,Symbols,8.0,9.1
🔯,dotted six-pointed star,six_pointed_star,,Symbols,6.0,6.0
🪯,khanda,khanda,,Symbols,15.0,16.4
♈,Aries,aries,,Symbols,,6.0
♉,Taurus,taurus,,Symbols,,6.0
♊,Gemini,gemini,,Symbols,,6.0
♋,Cancer,cancer,,Symbols,,6.0
♌,Leo,leo,,Symbols,,6.0
♍,Virgo,virgo,,Symbols,,6.0
♎,Libra,libra,,Symbols,,6.0
♏,Scorpio,scorpius,,Symbols,,6.0
♐,Sagittarius,sagittarius,,Symbols,,6.0
♑,Capricorn,capricorn,,Symbols,,6.0
♒,Aquarius,aquarius,,Symbols,,6.0
♓,Pisces,pisces,,Symbols,,6.0
⛎,Ophiuchus,ophiuchus,,Symbols,6.0,6.0
🔀,shuffle tracks button,twisted_rightwards_arrows,shuffle,Symbols,6.0,6.0
🔁,repeat button,repeat,loop,Symbols,6.0,6.0
🔂,repeat single button,repeat_one,,Symbols,6.0,6.0
▶️,play button,arrow_forward,,Symbols,,6.0
⏩,fast-forward button,fast_forward,,Symbols,6.0,6.0
⏭️,next track button,next_track_button,,Symbols,6.0,9.1
⏯️,play or pause button,play_or_pause_button,,Symbols,6.0,9.1
◀️,reverse button,arrow_backward,,Symbols,,6.0
⏪,fast reverse button,rewind,,Symbols,6.0,6.0
⏮️,last track button,previous_track_button,,Symbols,6.0,9.1
🔼,upwards button,arrow_up_small,,Symbols,6.0,6.0
⏫,fast up button,arrow_double_up,,Symbols,6.0,6.0
🔽,downwards button,arrow_down_small,,Symbols,6.0,6.0
⏬,fast down button,arrow_double_down,,Symbols,6.0,6.0
⏸️,pause button,pause_button,,Symbols,7.0,9.1
⏹️,stop button,stop_button,,Symbols,7.0,9.1
⏺️,record button,record_button,,Symbols,7.0,9.1
⏏️,eject button,eject_button,,Symbols,11.0,12.1
🎦,cinema,cinema,film movie,Symbols,6.0,6.0
🔅,dim button,low_brightness,,Symbols,6.0,6.0
🔆,bright button,high_brightness,,Symbols,6.0,6.0
📶,antenna bars,signal_strength,wifi,Symbols,6.0,6.0
🛜,wireless,wireless,wifi,Symbols,15.0,16.4
📳,vibration mode,vibration_mode,,Symbols,6.0,6.0
📴,mobile phone off,mobile_phone_off,mute off,Symbols,6.0,6.0
♀️,female sign,female_sign,,Symbols,11.0,12.1
♂️,male sign,male_sign,,Symbols,11.0,12.1
⚧️,transgender symbol,transgender_symbol,,Symbols,13.0,14.0
✖️,multiply,heavy_multiplication_x,,Symbols,,6.0
➕,plus,heavy_plus_sign,,Symbols,6.0,6.0
➖,minus,heavy_minus_sign,,Symbols,6.0,6.0
➗,divide,heavy_division_sign,,Symbols,6.0,6.0
🟰,heavy equals sign,heavy_equals_sign,,Symbols,14.0,15.4
♾️,infinity,infinity,,Symbols,11.0,12.1
‼️,double exclamation mark,bangbang,,Symbols,,6.0
⁉️,exclamation question mark,interrobang,,Symbols,3.0,6.0
❓,red question mark,question,confused,Symbols,6.0,6.0
❔,white question mark,grey_question,,Symbols,6.0,6.0
❕,white exclamation mark,grey_exclamation,,Symbols,6.0,6.0
❗,red exclamation mark,exclamation heavy_exclamation_mark,bang,Symbols,5.2,6.0
〰️,wavy dash,wavy_dash,,Symbols,,6.0
💱,currency exchange,currency_exchange,,Symbols,6.0,6.0
💲,heavy dollar sign,heavy_dollar_sign,,Symbols,6.0,6.0
⚕️,medical symbol,medical_symbol,,Symbols,11.0,12.1
♻️,recycling symbol,recycle,environment green,Symbols,3.2,6.0
⚜️,fleur-de-lis,fleur_de_lis,,Symbols,4.1,9.1
🔱,trident emblem,trident,,Symbols,6.0,6.0
📛,name badge,name_badge,,Symbols,6.0,6.0
🔰,Japanese symbol for beginner,beginner,,Symbols,6.0,6.0
⭕,hollow red circle,o,,Symbols,5.2,6.0
✅,check mark button,white_check_mark,,Symbols,6.0,6.0
☑️,check box with check,ballot_box_with_check,,Symbols,,6.0
✔️,check mark,heavy_check_mark,,Symbols,,6.0
❌,cross mark,x,,Symbols,6.0,6.0
❎,cross mark button,negative_squared_cross_mark,,Symbols,6.0,6.0
➰,curly loop,curly_loop,,Symbols,6.0,6.0
➿,double curly loop,loop,,Symbols,6.0,6.0
〽️,part alternation mark,part_alternation_mark,,Symbols,3.2,6.0
✳️,eight-spoked asterisk,eight_spoked_asterisk,,Symbols,,6.0
✴️,eight-pointed star,eight_pointed_black_star,,Symbols,,6.0
❇️,sparkle,sparkle,,Symbols,,6.0
©️,copyright,copyright,,Symbols,,6.0
®️,registered,registered,,Symbols,,6.0
™️,trade mark,tm,trademark,Symbols,,6.0
#️⃣,keycap: #,hash,number,Symbols,,6.0
*️⃣,keycap: *,asterisk,,Symbols,,9.1
0️⃣,keycap: 0,zero,,Symbols,,6.0
1️⃣,keycap: 1,one,,Symbols,,6.0
2️⃣,keycap: 2,two,,Symbols,,6.0
3️⃣,keycap: 3,three,,Symbols,,6.0
4️⃣,keycap: 4,four,,Symbols,,6.0
5️⃣,keycap: 5,five,,Symbols,,6.0
6️⃣,keycap: 6,six,,Symbols,,6.0
7️⃣,keycap: 7,seven,,Symbols,,6.0
8️⃣,keycap: 8,eight,,Symbols,,6.0
9️⃣,keycap: 9,nine,,Symbols,,6.0
🔟,keycap: 10,keycap_ten,,Symbols,6.0,6.0
🔠,input latin uppercase,capital_abcd,letters,Symbols,6.0,6.0
🔡,input latin lowercase,abcd,,Symbols,6.0,6.0
🔢,input numbers,1234,numbers,Symbols,6.0,6.0
🔣,input symbols,symbols,,Symbols,6.0,6.0
🔤,input latin letters,abc,alphabet,Symbols,6.0,6.0
🅰️,A button (blood type),a,,Symbols,6.0,6.0
🆎,AB button (blood type),ab,,Symbols,6.0,6.0
🅱️,B button (blood type),b,,Symbols,6.0,6.0
🆑,CL button,cl,,Symbols,6.0,6.0
🆒,COOL button,cool,,Symbols,6.0,6.0
🆓,FREE button,free,,Symbols,6.0,6.0
ℹ️,information,information_source,,Symbols,3.0,6.0
🆔,ID button,id,,Symbols,6.0,6.0
Ⓜ️,circled M,m,,Symbols,,6.0
🆕,NEW button,new,fresh,Symbols,6.0,6.0
🆖,NG button,ng,,Symbols,6.0,6.0
🅾️,O button (blood type),o2,,Symbols,6.0,6.0
🆗,OK button,ok,yes,Symbols,6.0,6.0
🅿️,P button,parking,,Symbols,5.2,6.0
🆘,SOS button,sos,help emergency,Symbols,6.0,6.0
🆙,UP! button,up,,Symbols,6.0,6.0
🆚,VS button,vs,,Symbols,6.0,6.0
🈁,Japanese “here” button,koko,,Symbols,6.0,6.0
🈂️,Japanese “service charge” button,sa,,Symbols,6.0,6.0
🈷️,Japanese “monthly amount” button,u6708,,Symbols,6.0,6.0
🈶,Japanese “not free of charge” button,u6709,,Symbols,6.0,6.0
🈯,Japanese “reserved” button,u6307,,Symbols,,6.0
🉐,Japanese “bargain” button,ideograph_advantage,,Symbols,6.0,6.0
🈹,Japanese “discount” button,u5272,,Symbols,6.0,6.0
🈚,Japanese “free of charge” button,u7121,,Symbols,,6.0
🈲,Japanese “prohibited” button,u7981,,Symbols,6.0,6.0
🉑,Japanese “acceptable” button,accept,,Symbols,6.0,6.0
🈸,Japanese “application” button,u7533,,Symbols,6.0,6.0
🈴,Japanese “passing grade” button,u5408,,Symbols,6.0,6.0
🈳,Japanese “vacancy” button,u7a7a,,Symbols,6.0,6.0
㊗️,Japanese “congratulations” button,congratulations,,Symbols,,6.0
㊙️,Japanese “secret” button,secret,,Symbols,,6.0
🈺,Japanese “open for business” button,u55b6,,Symbols,6.0,6.0
🈵,Japanese “no vacancy” button,u6e80,,Symbols,6.0,6.0
🔴,red circle,red_circle,,Symbols,6.0,6.0
🟠,orange circle,orange_circle,,Symbols,12.0,13.0
🟡,yellow circle,yellow_circle,,Symbols,12.0,13.0
🟢,green circle,green_circle,,Symbols,12.0,13.0
🔵,blue circle,large_blue_circle,,Symbols,6.0,6.0
🟣,purple circle,purple_circle,,Symbols,12.0,13.0
🟤,brown circle,brown_circle,,Symbols,12.0,13.0
⚫,black circle,black_circle,,Symbols,4.1,6.0
⚪,white circle,white_circle,,Symbols,4.1,6.0
🟥,red square,red_square,,Symbols,12.0,13.0
🟧,orange square,orange_square,,Symbols,12.0,13.0
🟨,yellow square,yellow_square,,Symbols,12.0,13.0
🟩,green square,green_square,,Symbols,12.0,13.0
🟦,blue square,blue_square,,Symbols,12.0,13.0
🟪,purple square,purple_square,,Symbols,12.0,13.0
🟫,brown square,brown_square,,Symbols,12.0,13.0
⬛,black large square,black_large_square,,Symbols,5.1,6.0
⬜,white large square,white_large_square,,Symbols,5.1,6.0
◼️,black medium square,black_medium_square,,Symbols,3.2,6.0
◻️,white medium square,white_medium_square,,Symbols,3.2,6.0
◾,black medium-small square,black_medium_small_square,,Symbols,3.2,6.0
◽,white medium-small square,white_medium_small_square,,Symbols,3.2,6.0
▪️,black small square,black_small_square,,Symbols,,6.0
▫️,white small square,white_small_square,,Symbols,,6.0
🔶,large orange diamond,large_orange_diamond,,Symbols,6.0,6.0
🔷,large blue diamond,large_blue_diamond,,Symbols,6.0,6.0
🔸,small orange diamond,small_orange_diamond,,Symbols,6.0,6.0
🔹,small blue diamond,small_blue_diamond,,Symbols,6.0,6.0
🔺,red triangle pointed up,small_red_triangle,,Symbols,6.0,6.0
🔻,red triangle pointed down,small_red_triangle_down,,Symbols,6.0,6.0
💠,diamond with a dot,diamond_shape_with_a_dot_inside,,Symbols,6.0,6.0
🔘,radio button,radio_button,,Symbols,6.0,6.0
🔳,white square button,white_square_button,,Symbols,6.0,6.0
🔲,black square button,black_square_button,,Symbols,6.0,6.0
🏁,chequered flag,checkered_flag,milestone finish,Flags,6.0,6.0
🚩,triangular flag,triangular_flag_on_post,,Flags,6.0,6.0
🎌,crossed flags,crossed_flags,,Flags,6.0,6.0
🏴,black flag,black_flag,,Flags,7.0,9.1
🏳️,white flag,white_flag,,Flags,7.0,9.1
🏳️‍🌈,rainbow flag,rainbow_flag,pride,Flags,6.0,10.0
🏳️‍⚧️,transgender flag,transgender_flag,,Flags,13.0,14.0
🏴‍☠️,pirate flag,pirate_flag,,Flags,11.0,12.1
🇦🇨,flag: Ascension Island,ascension_island,,Flags,11.0,12.1
🇦🇩,flag: Andorra,andorra,,Flags,6.0,8.3
🇦🇪,flag: United Arab Emirates,united_arab_emirates,,Flags,6.0,8.3
🇦🇫,flag: Afghanistan,afghanistan,,Flags,6.0,8.3
🇦🇬,flag: Antigua & Barbuda,antigua_barbuda,,Flags,6.0,8.3
🇦🇮,flag: Anguilla,anguilla,,Flags,6.0,8.3
🇦🇱,flag: Albania,albania,,Flags,6.0,8.3
🇦🇲,flag: Armenia,armenia,,Flags,6.0,8.3
🇦🇴,flag: Angola,angola,,Flags,6.0,8.3
🇦🇶,flag: Antarctica,antarctica,,Flags,6.0,9.0
🇦🇷,flag: Argentina,argentina,,Flags,6.0,8.3
🇦🇸,flag: American Samoa,american_samoa,,Flags,6.0,8.3
🇦🇹,flag: Austria,austria,,Flags,6.0,8.3
🇦🇺,flag: Australia,australia,,Flags,6.0,8.3
🇦🇼,flag: Aruba,aruba,,Flags,6.0,8.3
🇦🇽,flag: Åland Islands,aland_islands,,Flags,6.0,9.0
🇦🇿,flag: Azerbaijan,azerbaijan,,Flags,6.0,8.3
🇧🇦,flag: Bosnia & Herzegovina,bosnia_herzegovina,,Flags,6.0,8.3
🇧🇧,flag: Barbados,barbados,,Flags,6.0,8.3
🇧🇩,flag: Bangladesh,bangladesh,,Flags,6.0,8.3
🇧🇪,flag: Belgium,belgium,,Flags,6.0,8.3
🇧🇫,flag: Burkina Faso,burkina_faso,,Flags,6.0,8.3
🇧🇬,flag: Bulgaria,bulgaria,,Flags,6.0,8.3
🇧🇭,flag: Bahrain,bahrain,,Flags,6.0,8.3
🇧🇮,flag: Burundi,burundi,,Flags,6.0,8.3
🇧🇯,flag: Benin,benin,,Flags,6.0,8.3
🇧🇱,flag: St. Barthélemy,st_barthelemy,,Flags,6.0,9.0
🇧🇲,flag: Bermuda,bermuda,,Flags,6.0,8.3
🇧🇳,flag: Brunei,brunei,,Flags,6.0,8.3
🇧🇴,flag: Bolivia,bolivia,,Flags,6.0,8.3
🇧🇶,flag: Caribbean Netherlands,caribbean_netherlands,,Flags,6.0,9.0
🇧🇷,flag: Brazil,brazil,,Flags,6.0,8.3
🇧🇸,flag: Bahamas,bahamas,,Flags,6.0,8.3
🇧🇹,flag: Bhutan,bhutan,,Flags,6.0,8.3
🇧🇻,flag: Bouvet Island,bouvet_island,,Flags,11.0,12.1
🇧🇼,flag: Botswana,botswana,,Flags,6.0,8.3
🇧🇾,flag: Belarus,belarus,,Flags,6.0,8.3
🇧🇿,flag: Belize,belize,,Flags,6.0,8.3
🇨🇦,flag: Canada,canada,,Flags,6.0,8.3
🇨🇨,flag: Cocos (Keeling) Islands,cocos_islands,keeling,Flags,6.0,9.0
🇨🇩,flag: Congo - Kinshasa,congo_kinshasa,,Flags,6.0,8.3
🇨🇫,flag: Central African Republic,central_african_republic,,Flags,6.0,8.3
🇨🇬,flag: Congo - Brazzaville,congo_brazzaville,,Flags,6.0,8.3
🇨🇭,flag: Switzerland,switzerland,,Flags,6.0,8.3
🇨🇮,flag: Côte d’Ivoire,cote_divoire,ivory,Flags,6.0,8.3
🇨🇰,flag: Cook Islands,cook_islands,,Flags,6.0,8.3
🇨🇱,flag: Chile,chile,,Flags,6.0,8.3
🇨🇲,flag: Cameroon,cameroon,,Flags,6.0,8.3
🇨🇳,flag: China,cn,china,Flags,6.0,6.0
🇨🇴,flag: Colombia,colombia,,Flags,6.0,8.3
🇨🇵,flag: Clipperton Island,clipperton_island,,Flags,11.0,12.1
🇨🇷,flag: Costa Rica,costa_rica,,Flags,6.0,8.3
🇨🇺,flag: Cuba,cuba,,Flags,6.0,8.3
🇨🇻,flag: Cape Verde,cape_verde,,Flags,6.0,8.3
🇨🇼,flag: Curaçao,curacao,,Flags,6.0,8.3
🇨🇽,flag: Christmas Island,christmas_island,,Flags,6.0,9.0
🇨🇾,flag: Cyprus,cyprus,,Flags,6.0,8.3
🇨🇿,flag: Czechia,czech_republic,,Flags,6.0,8.3
🇩🇪,flag: Germany,de,flag germany,Flags,6.0,6.0
🇩🇬,flag: Diego Garcia,diego_garcia,,Flags,11.0,12.1
🇩🇯,flag: Djibouti,djibouti,,Flags,6.0,8.3
🇩🇰,flag: Denmark,denmark,,Flags,6.0,8.3
🇩🇲,flag: Dominica,dominica,,Flags,6.0,8.3
🇩🇴,flag: Dominican Republic,dominican_republic,,Flags,6.0,8.3
🇩🇿,flag: Algeria,algeria,,Flags,6.0,8.3
🇪🇦,flag: Ceuta & Melilla,ceuta_melilla,,Flags,11.0,12.1
🇪🇨,flag: Ecuador,ecuador,,Flags,6.0,8.3
🇪🇪,flag: Estonia,estonia,,Flags,6.0,8.3
🇪🇬,flag: Egypt,egypt,,Flags,6.0,8.3
🇪🇭,flag: Western Sahara,western_sahara,,Flags,6.0,9.0
🇪🇷,flag: Eritrea,eritrea,,Flags,6.0,8.3
🇪🇸,flag: Spain,es,spain,Flags,6.0,6.0
🇪🇹,flag: Ethiopia,ethiopia,,Flags,6.0,8.3
🇪🇺,flag: European Union,eu european_union,,Flags,6.0,9.0
🇫🇮,flag: Finland,finland,,Flags,6.0,8.3
🇫🇯,flag: Fiji,fiji,,Flags,6.0,8.3
🇫🇰,flag: Falkland Islands,falkland_islands,,Flags,6.0,9.0
🇫🇲,flag: Micronesia,micronesia,,Flags,6.0,9.0
🇫🇴,flag: Faroe Islands,faroe_islands,,Flags,6.0,8.3
🇫🇷,flag: France,fr,france french,Flags,6.0,6.0
🇬🇦,flag: Gabon,gabon,,Flags,6.0,8.3
🇬🇧,flag: United Kingdom,gb uk,flag british,Flags,6.0,6.0
🇬🇩,flag: Grenada,grenada,,Flags,6.0,8.3
🇬🇪,flag: Georgia,georgia,,Flags,6.0,8.3
🇬🇫,flag: French Guiana,french_guiana,,Flags,6.0,8.3
🇬🇬,flag: Guernsey,guernsey,,Flags,6.0,9.0
🇬🇭,flag: Ghana,ghana,,Flags,6.0,8.3
🇬🇮,flag: Gibraltar,gibraltar,,Flags,6.0,8.3
🇬🇱,flag: Greenland,greenland,,Flags,6.0,9.0
🇬🇲,flag: Gambia,gambia,,Flags,6.0,8.3
🇬🇳,flag: Guinea,guinea,,Flags,6.0,8.3
🇬🇵,flag: Guadeloupe,guadeloupe,,Flags,6.0,9.0
🇬🇶,flag: Equatorial Guinea,equatorial_guinea,,Flags,6.0,8.3
🇬🇷,flag: Greece,greece,,Flags,6.0,8.3
🇬🇸,flag: South Georgia & South Sandwich Islands,south_georgia_south_sandwich_islands,,Flags,6.0,9.0
🇬🇹,flag: Guatemala,guatemala,,Flags,6.0,8.3
🇬🇺,flag: Guam,guam,,Flags,6.0,8.3
🇬🇼,flag: Guinea-Bissau,guinea_bissau,,Flags,6.0,8.3
🇬🇾,flag: Guyana,guyana,,Flags,6.0,8.3
🇭🇰,flag: Hong Kong SAR China,hong_kong,,Flags,6.0,8.3
🇭🇲,flag: Heard & McDonald Islands,heard_mcdonald_islands,,Flags,11.0,12.1
🇭🇳,flag: Honduras,honduras,,Flags,6.0,8.3
🇭🇷,flag: Croatia,croatia,,Flags,6.0,8.3
🇭🇹,flag: Haiti,haiti,,Flags,6.0,8.3
🇭🇺,flag: Hungary,hungary,,Flags,6.0,8.3
🇮🇨,flag: Canary Islands,canary_islands,,Flags,6.0,9.0
🇮🇩,flag: Indonesia,indonesia,,Flags,6.0,8.3
🇮🇪,flag: Ireland,ireland,,Flags,6.0,8.3
🇮🇱,flag: Israel,israel,,Flags,6.0,8.3
🇮🇲,flag: Isle of Man,isle_of_man,,Flags,6.0,9.0
🇮🇳,flag: India,india,,Flags,6.0,8.3
🇮🇴,flag: British Indian Ocean Territory,british_indian_ocean_territory,,Flags,6.0,9.0
🇮🇶,flag: Iraq,iraq,,Flags,6.0,8.3
🇮🇷,flag: Iran,iran,,Flags,6.0,8.3
🇮🇸,flag: Iceland,iceland,,Flags,6.0,8.3
🇮🇹,flag: Italy,it,italy,Flags,6.0,6.0
🇯🇪,flag: Jersey,jersey,,Flags,6.0,9.0
🇯🇲,flag: Jamaica,jamaica,,Flags,6.0,8.3
🇯🇴,flag: Jordan,jordan,,Flags,6.0,8.3
🇯🇵,flag: Japan,jp,japan,Flags,6.0,6.0
🇰🇪,flag: Kenya,kenya,,Flags,6.0,8.3
🇰🇬,flag: Kyrgyzstan,kyrgyzstan,,Flags,6.0,8.3
🇰🇭,flag: Cambodia,cambodia,,Flags,6.0,8.3
🇰🇮,flag: Kiribati,kiribati,,Flags,6.0,8.3
🇰🇲,flag: Comoros,comoros,,Flags,6.0,8.3
🇰🇳,flag: St. Kitts & Nevis,st_kitts_nevis,,Flags,6.0,8.3
🇰🇵,flag: North Korea,north_korea,,Flags,6.0,8.3
🇰🇷,flag: South Korea,kr,korea,Flags,6.0,6.0
🇰🇼,flag: Kuwait,kuwait,,Flags,6.0,8.3
🇰🇾,flag: Cayman Islands,cayman_islands,,Flags,6.0,8.3
🇰🇿,flag: Kazakhstan,kazakhstan,,Flags,6.0,8.3
🇱🇦,flag: Laos,laos,,Flags,6.0,8.3
🇱🇧,flag: Lebanon,lebanon,,Flags,6.0,8.3
🇱🇨,flag: St. Lucia,st_lucia,,Flags,6.0,8.3
🇱🇮,flag: Liechtenstein,liechtenstein,,Flags,6.0,8.3
🇱🇰,flag: Sri Lanka,sri_lanka,,Flags,6.0,8.3
🇱🇷,flag: Liberia,liberia,,Flags,6.0,8.3
🇱🇸,flag: Lesotho,lesotho,,Flags,6.0,8.3
🇱🇹,flag: Lithuania,lithuania,,Flags,6.0,8.3
🇱🇺,flag: Luxembourg,luxembourg,,Flags,6.0,8.3
🇱🇻,flag: Latvia,latvia,,Flags,6.0,8.3
🇱🇾,flag: Libya,libya,,Flags,6.0,8.3
🇲🇦,flag: Morocco,morocco,,Flags,6.0,8.3
🇲🇨,flag: Monaco,monaco,,Flags,6.0,9.0
🇲🇩,flag: Moldova,moldova,,Flags,6.0,8.3
🇲🇪,flag: Montenegro,montenegro,,Flags,6.0,8.3
🇲🇫,flag: St. Martin,st_martin,,Flags,11.0,12.1
🇲🇬,flag: Madagascar,madagascar,,Flags,6.0,8.3
🇲🇭,flag: Marshall Islands,marshall_islands,,Flags,6.0,9.0
🇲🇰,flag: North Macedonia,macedonia,,Flags,6.0,8.3
🇲🇱,flag: Mali,mali,,Flags,6.0,8.3
🇲🇲,flag: Myanmar (Burma),myanmar,burma,Flags,6.0,8.3
🇲🇳,flag: Mongolia,mongolia,,Flags,6.0,8.3
🇲🇴,flag: Macao SAR China,macau,,Flags,6.0,8.3
🇲🇵,flag: Northern Mariana Islands,northern_mariana_islands,,Flags,6.0,8.3
🇲🇶,flag: Martinique,martinique,,Flags,6.0,9.0
🇲🇷,flag: Mauritania,mauritania,,Flags,6.0,8.3
🇲🇸,flag: Montserrat,montserrat,,Flags,6.0,8.3
🇲🇹,flag: Malta,malta,,Flags,6.0,8.3
🇲🇺,flag: Mauritius,mauritius,,Flags,6.0,9.0
🇲🇻,flag: Maldives,maldives,,Flags,6.0,8.3
🇲🇼,flag: Malawi,malawi,,Flags,6.0,8.3
🇲🇽,flag: Mexico,mexico,,Flags,6.0,8.3
🇲🇾,flag: Malaysia,malaysia,,Flags,6.0,8.3
🇲🇿,flag: Mozambique,mozambique,,Flags,6.0,8.3
🇳🇦,flag: Namibia,namibia,,Flags,6.0,8.3
🇳🇨,flag: New Caledonia,new_caledonia,,Flags,6.0,8.3
🇳🇪,flag: Niger,niger,,Flags,6.0,8.3
🇳🇫,flag: Norfolk Island,norfolk_island,,Flags,6.0,9.0
🇳🇬,flag: Nigeria,nigeria,,Flags,6.0,8.3
🇳🇮,flag: Nicaragua,nicaragua,,Flags,6.0,8.3
🇳🇱,flag: Netherlands,netherlands,,Flags,6.0,8.3
🇳🇴,flag: Norway,norway,,Flags,6.0,8.3
🇳🇵,flag: Nepal,nepal,,Flags,6.0,8.3
🇳🇷,flag: Nauru,nauru,,Flags,6.0,9.0
🇳🇺,flag: Niue,niue,,Flags,6.0,8.3
🇳🇿,flag: New Zealand,new_zealand,,Flags,6.0,8.3
🇴🇲,flag: Oman,oman,,Flags,6.0,8.3
🇵🇦,flag: Panama,panama,,Flags,6.0,8.3
🇵🇪,flag: Peru,peru,,Flags,6.0,8.3
🇵🇫,flag: French Polynesia,french_polynesia,,Flags,6.0,9.0
🇵🇬,flag: Papua New Guinea,papua_new_guinea,,Flags,6.0,8.3
🇵🇭,flag: Philippines,philippines,,Flags,6.0,8.3
🇵🇰,flag: Pakistan,pakistan,,Flags,6.0,8.3
🇵🇱,flag: Poland,poland,,Flags,6.0,8.3
🇵🇲,flag: St. Pierre & Miquelon,st_pierre_miquelon,,Flags,6.0,9.0
🇵🇳,flag: Pitcairn Islands,pitcairn_islands,,Flags,6.0,9.0
🇵🇷,flag: Puerto Rico,puerto_rico,,Flags,6.0,8.3
🇵🇸,flag: Palestinian Territories,palestinian_territories,,Flags,6.0,8.3
🇵🇹,flag: Portugal,portugal,,Flags,6.0,8.3
🇵🇼,flag: Palau,palau,,Flags,6.0,8.3
🇵🇾,flag: Paraguay,paraguay,,Flags,6.0,8.3
🇶🇦,flag: Qatar,qatar,,Flags,6.0,8.3
🇷🇪,flag: Réunion,reunion,,Flags,6.0,9.0
🇷🇴,flag: Romania,romania,,Flags,6.0,8.3
🇷🇸,flag: Serbia,serbia,,Flags,6.0,8.3
🇷🇺,flag: Russia,ru,russia,Flags,6.0,6.0
🇷🇼,flag: Rwanda,rwanda,,Flags,6.0,8.3
🇸🇦,flag: Saudi Arabia,saudi_arabia,,Flags,6.0,8.3
🇸🇧,flag: Solomon Islands,solomon_islands,,Flags,6.0,8.3
🇸🇨,flag: Seychelles,seychelles,,Flags,6.0,8.3
🇸🇩,flag: Sudan,sudan,,Flags,6.0,8.3
🇸🇪,flag: Sweden,sweden,,Flags,6.0,8.3
🇸🇬,flag: Singapore,singapore,,Flags,6.0,8.3
🇸🇭,flag: St. Helena,st_helena,,Flags,6.0,9.0
🇸🇮,flag: Slovenia,slovenia,,Flags,6.0,8.3
🇸🇯,flag: Svalbard & Jan Mayen,svalbard_jan_mayen,,Flags,11.0,12.1
🇸🇰,flag: Slovakia,slovakia,,Flags,6.0,8.3
🇸🇱,flag: Sierra Leone,sierra_leone,,Flags,6.0,8.3
🇸🇲,flag: San Marino,san_marino,,Flags,6.0,8.3
🇸🇳,flag: Senegal,senegal,,Flags,6.0,8.3
🇸🇴,flag: Somalia,somalia,,Flags,6.0,8.3
🇸🇷,flag: Suriname,suriname,,Flags,6.0,8.3
🇸🇸,flag: South Sudan,south_sudan,,Flags,6.0,8.3
🇸🇹,flag: São Tomé & Príncipe,sao_tome_principe,,Flags,6.0,8.3
🇸🇻,flag: El Salvador,el_salvador,,Flags,6.0,8.3
🇸🇽,flag: Sint Maarten,sint_maarten,,Flags,6.0,8.3
🇸🇾,flag: Syria,syria,,Flags,6.0,8.3
🇸🇿,flag: Eswatini,swaziland,,Flags,6.0,8.3
🇹🇦,flag: Tristan da Cunha,tristan_da_cunha,,Flags,11.0,12.1
🇹🇨,flag: Turks & Caicos Islands,turks_caicos_islands,,Flags,6.0,8.3
🇹🇩,flag: Chad,chad,,Flags,6.0,9.0
🇹🇫,flag: French Southern Territories,french_southern_territories,,Flags,6.0,8.3
🇹🇬,flag: Togo,togo,,Flags,6.0,8.3
🇹🇭,flag: Thailand,thailand,,Flags,6.0,8.3
🇹🇯,flag: Tajikistan,tajikistan,,Flags,6.0,8.3
🇹🇰,flag: Tokelau,tokelau,,Flags,6.0,9.0
🇹🇱,flag: Timor-Leste,timor_leste,,Flags,6.0,8.3
🇹🇲,flag: Turkmenistan,turkmenistan,,Flags,6.0,8.3
🇹🇳,flag: Tunisia,tunisia,,Flags,6.0,8.3
🇹🇴,flag: Tonga,tonga,,Flags,6.0,8.3
🇹🇷,flag: Turkey,tr,turkey,Flags,8.0,9.1
🇹🇹,flag: Trinidad & Tobago,trinidad_tobago,,Flags,6.0,8.3
🇹🇻,flag: Tuvalu,tuvalu,,Flags,6.0,8.3
🇹🇼,flag: Taiwan,taiwan,,Flags,6.0,9.0
🇹🇿,flag: Tanzania,tanzania,,Flags,6.0,8.3
🇺🇦,flag: Ukraine,ukraine,,Flags,6.0,8.3
🇺🇬,flag: Uganda,uganda,,Flags,6.0,8.3
🇺🇲,flag: U.S. Outlying Islands,us_outlying_islands,,Flags,11.0,12.1
🇺🇳,flag: United Nations,united_nations,,Flags,11.0,12.1
🇺🇸,flag: United States,us,flag united america,Flags,6.0,6.0
🇺🇾,flag: Uruguay,uruguay,,Flags,6.0,8.3
🇺🇿,flag: Uzbekistan,uzbekistan,,Flags,6.0,8.3
🇻🇦,flag: Vatican City,vatican_city,,Flags,6.0,9.0
🇻🇨,flag: St. Vincent & Grenadines,st_vincent_grenadines,,Flags,6.0,8.3
🇻🇪,flag: Venezuela,venezuela,,Flags,6.0,8.3
🇻🇬,flag: British Virgin Islands,british_virgin_islands,,Flags,6.0,8.3
🇻🇮,flag: U.S. Virgin Islands,us_virgin_islands,,Flags,6.0,8.3
🇻🇳,flag: Vietnam,vietnam,,Flags,6.0,8.3
🇻🇺,flag: Vanuatu,vanuatu,,Flags,6.0,8.3
🇼🇫,flag: Wallis & Futuna,wallis_futuna,,Flags,6.0,9.0
🇼🇸,flag: Samoa,samoa,,Flags,6.0,8.3
🇽🇰,flag: Kosovo,kosovo,,Flags,6.0,8.3
🇾🇪,flag: Yemen,yemen,,Flags,6.0,8.3
🇾🇹,flag: Mayotte,mayotte,,Flags,6.0,9.0
🇿🇦,flag: South Africa,south_africa,,Flags,6.0,8.3
🇿🇲,flag: Zambia,zambia,,Flags,6.0,8.3
🇿🇼,flag: Zimbabwe,zimbabwe,,Flags,6.0,8.3
🏴󠁧󠁢󠁥󠁮󠁧󠁿,flag: England,england,,Flags,11.0,12.1
🏴󠁧󠁢󠁳󠁣󠁴󠁿,flag: Scotland,scotland,,Flags,11.0,12.1
🏴󠁧󠁢󠁷󠁬󠁳󠁿,flag: Wales,wales,,Flags,11.0,12.1
